date_bank,ref,amount_bank,account_bank,narration
2025-01-29,TXN200000,43905,202001234569,Project Income - Client A
2025-03-04,TXN200001,-41976,202001234567,Travel Booking - IRCTC
2025-06-23,TXN200002,-2581,202001234569,Fuel Purchase - BPCL
2025-06-01,TXN200003,-6288,202001234567,UPI Transfer - to Landlord
2025-01-24,TXN200004,-4756,202001234567,ATM Withdrawal - HDFC ATM
2025-06-04,TXN200005,-861,202001234569,ATM Withdrawal - SBI ATM
2025-06-16,TXN200006,66062,202001234569,Salary Credit - Payroll System
2025-02-26,TXN200007,-1564,202001234569,Wallet Top-up - PhonePe
2025-01-02,TXN200008,-4722,202001234569,UPI Transfer - to Neha
2025-03-29,TXN200009,-8076,202001234567,Loan EMI - ICICI Loan
2025-03-28,TXN200010,68221,202001234567,Salary Credit - Company Payroll
2025-01-25,TXN200011,-35102,202001234568,Travel Booking - Uber
2025-03-09,TXN200012,-1528,202001234569,Food / Dining - Zomato
2025-05-18,TXN200013,-4237,202001234568,Online Shopping - Amazon
2025-05-22,TXN200014,-4355,202001234569,ATM Withdrawal - ICICI ATM
2025-05-28,TXN200015,-2038,202001234569,ATM Withdrawal - HDFC ATM
2025-01-12,TXN200016,-5431,202001234567,Utility Bill - Gas Agency
2025-03-16,TXN200017,1633,202001234567,Interest Credit - Quarterly interest
2025-04-08,TXN200018,8619,202001234568,Project Income - ProjectCorp
2025-04-04,TXN200019,-793,202001234568,Utility Bill - Electricity Board
2025-02-23,TXN200020,-4090,202001234569,UPI Transfer - to Vendor
2025-06-05,TXN200021,-4416,202001234569,ATM Withdrawal - HDFC ATM
2025-02-11,TXN200022,-3995,202001234568,Utility Bill - Water Dept
2025-06-13,TXN200023,-3789,202001234569,Utility Bill - Gas Agency
2025-06-25,TXN200024,-388,202001234567,Bank Fee - Service charge
2025-01-09,TXN200025,-3062,202001234568,Food / Dining - Swiggy
2025-01-17,TXN200026,-5807,202001234569,Online Shopping - Flipkart
2025-03-22,TXN200027,1844,202001234569,Interest Credit - Quarterly interest
2025-04-12,TXN200028,-2911,202001234567,UPI Transfer - to Landlord
2025-02-05,TXN200029,74718,202001234569,Salary Credit - Company Payroll
2025-05-18,TXN200030,-2402,202001234569,UPI Transfer - to Vendor
2025-05-30,TXN200031,-1491,202001234568,ATM Withdrawal - Axis ATM
2025-02-05,TXN200032,68746,202001234568,Salary Credit - Payroll System
2025-01-13,TXN200033,-54043,202001234567,Travel Booking - MakeMyTrip
2025-02-10,TXN200034,-18880,202001234569,Travel Booking - Ola
2025-04-09,TXN200035,-3740,202001234569,Food / Dining - Swiggy
2025-05-16,TXN200036,-2166,202001234569,Utility Bill - Water Dept
2025-06-24,TXN200037,41504,202001234567,Salary Credit - Payroll System
2025-05-18,TXN200038,-3831,202001234569,Loan EMI - ICICI Loan
2025-01-29,TXN200039,24293,202001234568,Project Income - ProjectCorp
2025-04-27,TXN200040,-3705,202001234569,ATM Withdrawal - SBI ATM
2025-03-09,TXN200041,-52,202001234567,Bank Fee - SMS charge
2025-01-28,TXN200042,106542,202001234568,Salary Credit - Payroll System
2025-06-13,TXN200043,-1211,202001234569,Medical / Pharmacy - Practo
2025-02-09,TXN200044,-6371,202001234567,Online Shopping - Myntra
2025-05-16,TXN200045,8937,202001234569,Refund - Amazon refund
2025-05-06,TXN200046,-3345,202001234567,Utility Bill - Electricity Board
2025-04-03,TXN200047,1952,202001234567,Interest Credit - Savings interest
2025-03-03,TXN200048,-6526,202001234567,UPI Transfer - to Rahul
2025-01-18,TXN200049,-1019,202001234567,ATM Withdrawal - HDFC ATM
2025-05-02,TXN200050,-16763,202001234568,Travel Booking - IRCTC
2025-06-05,TXN200051,-839,202001234567,Fuel Purchase - Indian Oil
2025-06-26,TXN200052,-6165,202001234569,Medical / Pharmacy - Apollo
2025-04-13,TXN200053,-2447,202001234569,Wallet Top-up - GPay
2025-04-23,TXN200054,-3941,202001234567,UPI Transfer - to Landlord
2025-02-27,TXN200055,-10939,202001234568,Medical / Pharmacy - Apollo
2025-05-31,TXN200056,42757,202001234567,Salary Credit - Payroll System
2025-02-26,TXN200057,-3180,202001234567,Online Shopping - Amazon
2025-02-28,TXN200058,47716,202001234567,Salary Credit - Company Payroll
2025-01-19,TXN200059,-3294,202001234567,Utility Bill - Gas Agency
2025-06-21,TXN200060,20250,202001234567,Project Income - InnovaTech
2025-02-03,TXN200061,-3583,202001234567,Online Shopping - Ajio
2025-05-02,TXN200062,-787,202001234567,Food / Dining - Swiggy
2025-01-25,TXN200063,-5228,202001234568,Utility Bill - Gas Agency
2025-04-19,TXN200064,-5098,202001234568,Online Shopping - Ajio
2025-01-14,TXN200065,-1028,202001234567,UPI Transfer - to Rahul
2025-03-28,TXN200066,-1702,202001234567,ATM Withdrawal - SBI ATM
2025-02-18,TXN200067,-3216,202001234568,Food / Dining - Restaurant
2025-04-19,TXN200068,58373,202001234568,Salary Credit - Company Payroll
2025-03-05,TXN200069,-29682,202001234568,Travel Booking - MakeMyTrip
2025-01-26,TXN200070,-746,202001234569,Fuel Purchase - HP Petrol
2025-01-04,TXN200071,-3572,202001234567,Online Shopping - Amazon
2025-04-15,TXN200072,61798,202001234568,Salary Credit - HRMS Salary
2025-04-13,TXN200073,-3125,202001234567,Food / Dining - Zomato
2025-01-01,TXN200074,-8791,202001234568,Loan EMI - ICICI Loan
2025-04-27,TXN200075,-2154,202001234568,Loan EMI - ICICI Loan
2025-06-19,TXN200076,-724,202001234568,Fuel Purchase - BPCL
2025-02-18,TXN200077,60289,202001234567,Salary Credit - HRMS Salary
2025-05-29,TXN200078,-5521,202001234569,Utility Bill - Gas Agency
2025-03-22,TXN200079,47989,202001234567,Salary Credit - Company Payroll
2025-05-03,TXN200080,-215,202001234569,Wallet Top-up - GPay
2025-01-15,TXN200081,-5711,202001234567,UPI Transfer - to Rahul
2025-06-02,TXN200082,-5439,202001234569,Utility Bill - Electricity Board
2025-04-14,TXN200083,70828,202001234569,Salary Credit - Company Payroll
2025-05-29,TXN200084,-3984,202001234567,Utility Bill - Gas Agency
2025-01-21,TXN200085,-927,202001234569,Utility Bill - Water Dept
2025-05-25,TXN200086,-5438,202001234568,Loan EMI - Bajaj Finance
2025-02-22,TXN200087,-4864,202001234567,UPI Transfer - to Vendor
2025-04-12,TXN200088,-2825,202001234569,Wallet Top-up - Paytm
2025-03-18,TXN200089,-170,202001234568,Bank Fee - Service charge
2025-01-04,TXN200090,72783,202001234569,Salary Credit - Payroll System
2025-01-19,TXN200091,-6181,202001234569,UPI Transfer - to Neha
2025-02-03,TXN200092,-1914,202001234567,Fuel Purchase - Indian Oil
2025-03-04,TXN200093,-50,202001234568,Bank Fee - Service charge
2025-04-23,TXN200094,373,202001234569,Interest Credit - Savings interest
2025-05-16,TXN200095,44858,202001234569,Project Income - Client A
2025-03-18,TXN200096,112692,202001234567,Salary Credit - Payroll System
2025-03-09,TXN200097,57601,202001234567,Salary Credit - Company Payroll
2025-02-09,TXN200098,112512,202001234568,Salary Credit - HRMS Salary
2025-02-23,TXN200099,-2046,202001234567,UPI Transfer - to Vendor
2025-06-12,TXN200100,-369,202001234569,Utility Bill - Water Dept
2025-03-06,TXN200101,1050,202001234567,Interest Credit - Quarterly interest
2025-04-19,TXN200102,-4608,202001234567,Medical / Pharmacy - MedPlus
2025-03-27,TXN200103,-7971,202001234569,Online Shopping - Flipkart
2025-02-11,TXN200104,19167,202001234569,Project Income - InnovaTech
2025-05-24,TXN200105,-1249,202001234567,Fuel Purchase - HP Petrol
2025-06-26,TXN200106,-7384,202001234569,Online Shopping - Flipkart
2025-04-05,TXN200107,44722,202001234569,Salary Credit - Payroll System
2025-04-21,TXN200108,-6787,202001234567,Online Shopping - Flipkart
2025-04-04,TXN200109,-2475,202001234568,ATM Withdrawal - SBI ATM
2025-06-24,TXN200110,-11559,202001234569,Medical / Pharmacy - Apollo
2025-04-01,TXN200111,-3579,202001234568,Food / Dining - Restaurant
2025-02-09,TXN200112,-1916,202001234567,UPI Transfer - to Neha
2025-04-16,TXN200113,-3550,202001234567,Wallet Top-up - Paytm
2025-03-27,TXN200114,-984,202001234569,Food / Dining - Swiggy
2025-03-10,TXN200115,-2968,202001234569,ATM Withdrawal - HDFC ATM
2025-04-08,TXN200116,-4115,202001234568,Wallet Top-up - Paytm
2025-02-21,TXN200117,505,202001234568,Interest Credit - Savings interest
2025-02-28,TXN200118,-2750,202001234567,Food / Dining - Zomato
2025-04-13,TXN200119,-3418,202001234568,Wallet Top-up - PhonePe
2025-03-13,TXN200120,-5432,202001234569,Utility Bill - Water Dept
2025-04-13,TXN200121,106768,202001234569,Salary Credit - Payroll System
2025-01-08,TXN200122,-5288,202001234568,Online Shopping - Amazon
2025-05-29,TXN200123,13702,202001234567,Project Income - ProjectCorp
2025-06-02,TXN200124,-3556,202001234568,Food / Dining - Swiggy
2025-04-22,TXN200125,-2431,202001234569,Wallet Top-up - GPay
2025-04-09,TXN200126,55157,202001234567,Salary Credit - Payroll System
2025-01-12,TXN200127,571,202001234567,Interest Credit - Savings interest
2025-05-18,TXN200128,36073,202001234568,Project Income - Client B
2025-01-18,TXN200129,-4467,202001234569,Online Shopping - Myntra
2025-06-19,TXN200130,81145,202001234569,Salary Credit - Company Payroll
2025-05-10,TXN200131,-3540,202001234569,Utility Bill - Water Dept
2025-03-25,TXN200132,-33236,202001234569,Travel Booking - Ola
2025-05-22,TXN200133,-3578,202001234567,Utility Bill - Electricity Board
2025-06-20,TXN200134,911,202001234569,Interest Credit - Savings interest
2025-02-14,TXN200135,-2743,202001234569,Loan EMI - Bajaj Finance
2025-04-14,TXN200136,-3535,202001234567,Utility Bill - Gas Agency
2025-03-15,TXN200137,-40086,202001234568,Travel Booking - IRCTC
2025-05-29,TXN200138,-8505,202001234568,Travel Booking - Uber
2025-04-24,TXN200139,-4381,202001234569,Online Shopping - Flipkart
2025-02-13,TXN200140,-258,202001234567,Bank Fee - SMS charge
2025-05-12,TXN200141,-3676,202001234569,Utility Bill - Gas Agency
2025-03-27,TXN200142,-2928,202001234567,Online Shopping - Amazon
2025-02-27,TXN200143,80687,202001234567,Salary Credit - Company Payroll
2025-01-12,TXN200144,-6800,202001234568,UPI Transfer - to Neha
2025-01-19,TXN200145,1301,202001234568,Interest Credit - Savings interest
2025-02-19,TXN200146,115454,202001234569,Salary Credit - Payroll System
2025-05-07,TXN200147,-4855,202001234567,Online Shopping - Ajio
2025-06-17,TXN200148,-12583,202001234567,Medical / Pharmacy - Practo
2025-01-28,TXN200149,-688,202001234567,Online Shopping - Ajio
2025-06-28,TXN200150,-3560,202001234567,ATM Withdrawal - Axis ATM
2025-03-05,TXN200151,-215,202001234568,Bank Fee - Monthly fee
2025-04-29,TXN200152,-51262,202001234568,Travel Booking - Uber
2025-05-10,TXN200153,-2982,202001234569,Online Shopping - Ajio
2025-02-10,TXN200154,7405,202001234568,Refund - Chargeback
2025-03-08,TXN200155,-1157,202001234569,Fuel Purchase - HP Petrol
2025-05-14,TXN200156,-5729,202001234569,Online Shopping - Ajio
2025-03-12,TXN200157,-11081,202001234567,Loan EMI - ICICI Loan
2025-03-02,TXN200158,-3660,202001234568,Utility Bill - Water Dept
2025-05-19,TXN200159,-4381,202001234567,UPI Transfer - to Rahul
2025-03-01,TXN200160,-5765,202001234569,UPI Transfer - to Landlord
2025-06-30,TXN200161,362,202001234567,Interest Credit - Quarterly interest
2025-04-15,TXN200162,94377,202001234569,Salary Credit - HRMS Salary
2025-04-17,TXN200163,-2092,202001234567,Food / Dining - Zomato
2025-04-10,TXN200164,-2559,202001234569,Utility Bill - Gas Agency
2025-05-28,TXN200165,-4840,202001234568,ATM Withdrawal - Axis ATM
2025-04-03,TXN200166,71364,202001234568,Salary Credit - HRMS Salary
2025-05-20,TXN200167,-2591,202001234568,UPI Transfer - to Neha
2025-03-11,TXN200168,3695,202001234568,Refund - Payment reversal
2025-04-10,TXN200169,43804,202001234569,Salary Credit - HRMS Salary
2025-04-14,TXN200170,1440,202001234568,Interest Credit - Quarterly interest
2025-06-09,TXN200171,-6955,202001234568,Online Shopping - Amazon
2025-05-25,TXN200172,9797,202001234567,Refund - Chargeback
2025-06-14,TXN200173,-4313,202001234567,ATM Withdrawal - Axis ATM
2025-02-16,TXN200174,-7436,202001234568,Loan EMI - HDFC Loan
2025-03-25,TXN200175,26844,202001234568,Project Income - Client B
2025-03-28,TXN200176,-9645,202001234568,Medical / Pharmacy - MedPlus
2025-03-06,TXN200177,-1547,202001234568,ATM Withdrawal - SBI ATM
2025-05-19,TXN200178,-5842,202001234568,Utility Bill - Electricity Board
2025-06-16,TXN200179,69389,202001234569,Salary Credit - Company Payroll
2025-01-08,TXN200180,-14341,202001234567,Medical / Pharmacy - Apollo
2025-06-09,TXN200181,-4834,202001234567,Wallet Top-up - Paytm
2025-05-02,TXN200182,-6966,202001234569,Online Shopping - Amazon
2025-04-30,TXN200183,3671,202001234568,Refund - Chargeback
2025-04-05,TXN200184,-859,202001234569,Food / Dining - Zomato
2025-01-30,TXN200185,-2026,202001234568,UPI Transfer - to Neha
2025-05-29,TXN200186,271,202001234568,Interest Credit - Quarterly interest
2025-06-23,TXN200187,-3284,202001234568,Online Shopping - Ajio
2025-01-20,TXN200188,65995,202001234569,Salary Credit - Payroll System
2025-01-27,TXN200189,-3011,202001234568,Wallet Top-up - GPay
2025-06-25,TXN200190,-1069,202001234567,Medical / Pharmacy - Practo
2025-05-25,TXN200191,-478,202001234568,UPI Transfer - to Rahul
2025-04-20,TXN200192,-1636,202001234568,Utility Bill - Gas Agency
2025-05-10,TXN200193,-5436,202001234568,Utility Bill - Gas Agency
2025-04-18,TXN200194,-14793,202001234567,Loan EMI - ICICI Loan
2025-04-03,TXN200195,-1449,202001234568,Wallet Top-up - GPay
2025-04-22,TXN200196,-3747,202001234569,Wallet Top-up - Paytm
2025-06-16,TXN200197,-863,202001234569,Fuel Purchase - Indian Oil
2025-05-04,TXN200198,8917,202001234568,Refund - Payment reversal
2025-03-10,TXN200199,117656,202001234567,Salary Credit - HRMS Salary
2025-03-13,TXN200200,-4291,202001234567,ATM Withdrawal - Axis ATM
2025-05-26,TXN200201,-1194,202001234569,Wallet Top-up - GPay
2025-03-28,TXN200202,-3896,202001234568,UPI Transfer - to Rahul
2025-02-16,TXN200203,82600,202001234567,Salary Credit - HRMS Salary
2025-03-08,TXN200204,86507,202001234568,Salary Credit - HRMS Salary
2025-06-29,TXN200205,9867,202001234569,Refund - Payment reversal
2025-05-13,TXN200206,41330,202001234567,Salary Credit - Company Payroll
2025-04-15,TXN200207,-3023,202001234569,ATM Withdrawal - Axis ATM
2025-03-03,TXN200208,-790,202001234569,UPI Transfer - to Landlord
2025-05-06,TXN200209,-3338,202001234567,Loan EMI - ICICI Loan
2025-03-17,TXN200210,1624,202001234568,Refund - Amazon refund
2025-03-04,TXN200211,-2333,202001234569,Online Shopping - Myntra
2025-04-05,TXN200212,-5472,202001234569,Loan EMI - ICICI Loan
2025-03-30,TXN200213,-3651,202001234569,Online Shopping - Ajio
2025-03-26,TXN200214,-1492,202001234569,Utility Bill - Water Dept
2025-03-11,TXN200215,-1142,202001234568,Fuel Purchase - Indian Oil
2025-01-31,TXN200216,3877,202001234567,Refund - Chargeback
2025-01-31,TXN200217,-2416,202001234569,Wallet Top-up - GPay
2025-02-19,TXN200218,3133,202001234569,Refund - Amazon refund
2025-03-12,TXN200219,-3034,202001234567,UPI Transfer - to Vendor
2025-03-17,TXN200220,65443,202001234568,Salary Credit - Company Payroll
2025-03-19,TXN200221,-4531,202001234569,Utility Bill - Electricity Board
2025-02-02,TXN200222,-3625,202001234567,Online Shopping - Myntra
2025-05-22,TXN200223,-7554,202001234569,Online Shopping - Myntra
2025-06-13,TXN200224,-51725,202001234567,Travel Booking - Ola
2025-05-27,TXN200225,2803,202001234568,Project Income - ProjectCorp
2025-04-23,TXN200226,-1079,202001234567,Wallet Top-up - PhonePe
2025-03-06,TXN200227,-6580,202001234567,UPI Transfer - to Landlord
2025-01-17,TXN200228,-633,202001234568,Food / Dining - Swiggy
2025-05-28,TXN200229,201,202001234567,Interest Credit - Quarterly interest
2025-05-25,TXN200230,-5778,202001234567,UPI Transfer - to Vendor
2025-01-31,TXN200231,-373,202001234568,Bank Fee - SMS charge
2025-06-02,TXN200232,-3034,202001234569,Online Shopping - Flipkart
2025-04-26,TXN200233,-8768,202001234568,Loan EMI - ICICI Loan
2025-05-31,TXN200234,-954,202001234568,Online Shopping - Ajio
2025-06-08,TXN200235,114531,202001234569,Salary Credit - Company Payroll
2025-02-23,TXN200236,1725,202001234567,Refund - Chargeback
2025-06-19,TXN200237,-2833,202001234567,ATM Withdrawal - SBI ATM
2025-02-14,TXN200238,-44281,202001234567,Travel Booking - MakeMyTrip
2025-04-15,TXN200239,-59825,202001234569,Travel Booking - Ola
2025-05-01,TXN200240,-5271,202001234567,Medical / Pharmacy - MedPlus
2025-03-15,TXN200241,17170,202001234569,Project Income - ProjectCorp
2025-01-19,TXN200242,99510,202001234567,Salary Credit - Payroll System
2025-06-10,TXN200243,-10666,202001234569,Medical / Pharmacy - Practo
2025-04-19,TXN200244,14964,202001234569,Project Income - Client A
2025-06-15,TXN200245,-45267,202001234568,Travel Booking - IRCTC
2025-02-06,TXN200246,-5826,202001234567,Travel Booking - MakeMyTrip
2025-03-20,TXN200247,-3641,202001234569,Wallet Top-up - GPay
2025-03-15,TXN200248,-1338,202001234567,Utility Bill - Water Dept
2025-06-26,TXN200249,32716,202001234569,Project Income - ProjectCorp
2025-03-11,TXN200250,-1703,202001234569,Wallet Top-up - GPay
2025-04-23,TXN200251,-1955,202001234569,Utility Bill - Electricity Board
2025-04-21,TXN200252,-4674,202001234569,ATM Withdrawal - ICICI ATM
2025-01-07,TXN200253,-4949,202001234567,UPI Transfer - to Rahul
2025-05-28,TXN200254,-3953,202001234567,Medical / Pharmacy - Practo
2025-06-22,TXN200255,-2471,202001234569,Loan EMI - ICICI Loan
2025-02-14,TXN200256,-6671,202001234569,UPI Transfer - to Landlord
2025-03-13,TXN200257,97963,202001234569,Salary Credit - Company Payroll
2025-06-12,TXN200258,-3430,202001234567,UPI Transfer - to Landlord
2025-03-31,TXN200259,-29198,202001234568,Travel Booking - Ola
2025-06-21,TXN200260,-2370,202001234567,ATM Withdrawal - SBI ATM
2025-04-16,TXN200261,725,202001234568,Interest Credit - Savings interest
2025-05-21,TXN200262,-1720,202001234568,Wallet Top-up - Paytm
2025-03-22,TXN200263,-2640,202001234568,Fuel Purchase - Indian Oil
2025-04-14,TXN200264,-13101,202001234567,Loan EMI - Bajaj Finance
2025-05-19,TXN200265,-4225,202001234568,Loan EMI - ICICI Loan
2025-02-18,TXN200266,-5556,202001234568,Utility Bill - Gas Agency
2025-05-08,TXN200267,-900,202001234568,Utility Bill - Gas Agency
2025-01-14,TXN200268,-888,202001234568,Food / Dining - Zomato
2025-02-03,TXN200269,-1751,202001234568,Food / Dining - Swiggy
2025-02-01,TXN200270,-1030,202001234569,Wallet Top-up - Paytm
2025-03-03,TXN200271,-5025,202001234567,Medical / Pharmacy - Practo
2025-05-22,TXN200272,686,202001234569,Interest Credit - Quarterly interest
2025-01-24,TXN200273,885,202001234567,Interest Credit - Quarterly interest
2025-01-31,TXN200274,-2110,202001234567,Food / Dining - Restaurant
2025-03-16,TXN200275,8265,202001234569,Refund - Chargeback
2025-04-17,TXN200276,-10521,202001234568,Loan EMI - ICICI Loan
2025-04-27,TXN200277,-3002,202001234567,Food / Dining - Restaurant
2025-02-18,TXN200278,-1858,202001234569,Wallet Top-up - GPay
2025-01-18,TXN200279,-4882,202001234568,Utility Bill - Water Dept
2025-05-10,TXN200280,24274,202001234567,Project Income - ProjectCorp
2025-03-18,TXN200281,77072,202001234569,Salary Credit - Payroll System
2025-05-06,TXN200282,-1594,202001234568,UPI Transfer - to Neha
2025-05-04,TXN200283,110592,202001234568,Salary Credit - HRMS Salary
2025-05-20,TXN200284,-218,202001234568,Bank Fee - Service charge
2025-02-18,TXN200285,-4364,202001234569,UPI Transfer - to Neha
2025-03-01,TXN200286,-4863,202001234567,Online Shopping - Ajio
2025-05-02,TXN200287,-4394,202001234568,UPI Transfer - to Landlord
2025-05-07,TXN200288,59936,202001234567,Salary Credit - Company Payroll
2025-06-03,TXN200289,61224,202001234568,Salary Credit - Company Payroll
2025-05-15,TXN200290,-4184,202001234567,ATM Withdrawal - Axis ATM
2025-02-06,TXN200291,1529,202001234569,Interest Credit - Savings interest
2025-01-20,TXN200292,-2368,202001234568,Fuel Purchase - Indian Oil
2025-06-09,TXN200293,-5227,202001234569,Online Shopping - Ajio
2025-03-26,TXN200294,-6343,202001234568,UPI Transfer - to Landlord
2025-05-19,TXN200295,103956,202001234569,Salary Credit - Company Payroll
2025-03-03,TXN200296,73711,202001234569,Salary Credit - Company Payroll
2025-04-22,TXN200297,235,202001234569,Interest Credit - Quarterly interest
2025-01-26,TXN200298,-1234,202001234567,UPI Transfer - to Landlord
2025-03-18,TXN200299,-1315,202001234567,UPI Transfer - to Rahul
2025-01-15,TXN200300,-9686,202001234568,Loan EMI - ICICI Loan
2025-04-21,TXN200301,-35435,202001234567,Travel Booking - IRCTC
2025-04-16,TXN200302,1137,202001234567,Interest Credit - Quarterly interest
2025-01-21,TXN200303,-4566,202001234568,Utility Bill - Gas Agency
2025-06-24,TXN200304,-1462,202001234568,Food / Dining - Zomato
2025-05-30,TXN200305,-523,202001234567,Online Shopping - Flipkart
2025-06-13,TXN200306,32221,202001234568,Project Income - ProjectCorp
2025-06-20,TXN200307,73466,202001234568,Salary Credit - Company Payroll
2025-06-23,TXN200308,77700,202001234567,Salary Credit - Payroll System
2025-04-24,TXN200309,-55160,202001234569,Travel Booking - Uber
2025-06-13,TXN200310,-2775,202001234569,Food / Dining - Swiggy
2025-04-27,TXN200311,-10903,202001234567,Loan EMI - ICICI Loan
2025-05-04,TXN200312,27211,202001234567,Project Income - Client A
2025-05-27,TXN200313,-1876,202001234569,ATM Withdrawal - ICICI ATM
2025-06-29,TXN200314,-2577,202001234567,ATM Withdrawal - ICICI ATM
2025-06-18,TXN200315,-1201,202001234568,Online Shopping - Ajio
2025-05-25,TXN200316,-6934,202001234569,UPI Transfer - to Rahul
2025-05-08,TXN200317,-2792,202001234567,Loan EMI - ICICI Loan
2025-02-26,TXN200318,5872,202001234567,Refund - Chargeback
2025-03-06,TXN200319,-2914,202001234569,Online Shopping - Flipkart
2025-06-10,TXN200320,-53633,202001234568,Travel Booking - MakeMyTrip
2025-01-09,TXN200321,-1195,202001234568,Fuel Purchase - BPCL
2025-02-03,TXN200322,-1001,202001234568,UPI Transfer - to Rahul
2025-04-17,TXN200323,-4324,202001234567,UPI Transfer - to Neha
2025-05-19,TXN200324,10661,202001234569,Project Income - ProjectCorp
2025-03-11,TXN200325,-3890,202001234568,Online Shopping - Flipkart
2025-03-17,TXN200326,-2053,202001234568,Utility Bill - Gas Agency
2025-04-30,TXN200327,-2529,202001234567,Fuel Purchase - HP Petrol
2025-06-23,TXN200328,69571,202001234569,Salary Credit - Payroll System
2025-05-23,TXN200329,92089,202001234567,Salary Credit - HRMS Salary
2025-01-04,TXN200330,91717,202001234569,Salary Credit - HRMS Salary
2025-04-27,TXN200331,56199,202001234569,Salary Credit - HRMS Salary
2025-05-30,TXN200332,-2853,202001234569,Wallet Top-up - PhonePe
2025-01-28,TXN200333,-8914,202001234567,Loan EMI - Bajaj Finance
2025-01-07,TXN200334,-259,202001234569,Bank Fee - SMS charge
2025-06-06,TXN200335,82992,202001234569,Salary Credit - Company Payroll
2025-06-12,TXN200336,-468,202001234569,Bank Fee - Service charge
2025-06-16,TXN200337,-346,202001234567,Bank Fee - Service charge
2025-01-12,TXN200338,-3855,202001234568,ATM Withdrawal - SBI ATM
2025-01-30,TXN200339,34284,202001234567,Project Income - Client A
2025-02-04,TXN200340,37228,202001234568,Project Income - InnovaTech
2025-06-21,TXN200341,-3961,202001234569,UPI Transfer - to Landlord
2025-02-09,TXN200342,-920,202001234569,UPI Transfer - to Landlord
2025-05-06,TXN200343,52978,202001234568,Salary Credit - Payroll System
2025-01-09,TXN200344,20333,202001234567,Project Income - ProjectCorp
2025-04-24,TXN200345,-3368,202001234568,UPI Transfer - to Neha
2025-06-25,TXN200346,253,202001234569,Interest Credit - Savings interest
2025-01-16,TXN200347,-2062,202001234568,Wallet Top-up - PhonePe
2025-02-01,TXN200348,3209,202001234567,Refund - Payment reversal
2025-06-14,TXN200349,-3263,202001234567,ATM Withdrawal - SBI ATM
2025-03-04,TXN200350,83713,202001234569,Salary Credit - Company Payroll
2025-01-18,TXN200351,3462,202001234567,Refund - Chargeback
2025-02-25,TXN200352,116858,202001234568,Salary Credit - Company Payroll
2025-02-07,TXN200353,-657,202001234568,UPI Transfer - to Rahul
2025-02-07,TXN200354,-3744,202001234569,Travel Booking - IRCTC
2025-02-14,TXN200355,-4947,202001234569,UPI Transfer - to Rahul
2025-02-03,TXN200356,3689,202001234568,Project Income - Client A
2025-05-31,TXN200357,3998,202001234567,Refund - Payment reversal
2025-03-09,TXN200358,-411,202001234567,Bank Fee - Monthly fee
2025-04-18,TXN200359,-924,202001234569,UPI Transfer - to Rahul
2025-05-02,TXN200360,-55835,202001234568,Travel Booking - Ola
2025-06-01,TXN200361,35635,202001234568,Project Income - Client A
2025-02-26,TXN200362,-26981,202001234569,Travel Booking - MakeMyTrip
2025-06-18,TXN200363,-2168,202001234568,Medical / Pharmacy - Practo
2025-06-14,TXN200364,-4248,202001234567,Online Shopping - Amazon
2025-04-13,TXN200365,102781,202001234569,Salary Credit - HRMS Salary
2025-05-06,TXN200366,54150,202001234568,Salary Credit - Payroll System
2025-01-21,TXN200367,49632,202001234569,Salary Credit - HRMS Salary
2025-01-17,TXN200368,59442,202001234568,Salary Credit - Company Payroll
2025-06-12,TXN200369,-4772,202001234569,Loan EMI - Bajaj Finance
2025-04-08,TXN200370,82622,202001234569,Salary Credit - Payroll System
2025-04-27,TXN200371,-3585,202001234569,Utility Bill - Gas Agency
2025-01-26,TXN200372,-1476,202001234567,Wallet Top-up - GPay
2025-02-25,TXN200373,112264,202001234568,Salary Credit - HRMS Salary
2025-02-28,TXN200374,-363,202001234568,Food / Dining - Swiggy
2025-04-27,TXN200375,-1222,202001234568,Online Shopping - Ajio
2025-03-22,TXN200376,52463,202001234568,Salary Credit - HRMS Salary
2025-03-07,TXN200377,-4103,202001234567,Loan EMI - ICICI Loan
2025-05-02,TXN200378,-1374,202001234567,UPI Transfer - to Rahul
2025-01-24,TXN200379,-4301,202001234567,Wallet Top-up - PhonePe
2025-02-03,TXN200380,-1474,202001234567,Fuel Purchase - BPCL
2025-05-24,TXN200381,-1598,202001234568,Food / Dining - Restaurant
2025-02-01,TXN200382,-2512,202001234568,Online Shopping - Ajio
2025-01-14,TXN200383,-1536,202001234569,ATM Withdrawal - ICICI ATM
2025-04-01,TXN200384,-1721,202001234569,Fuel Purchase - HP Petrol
2025-02-24,TXN200385,-1922,202001234569,Food / Dining - Zomato
2025-02-27,TXN200386,-28400,202001234568,Travel Booking - MakeMyTrip
2025-04-05,TXN200387,38455,202001234568,Project Income - Client A
2025-02-27,TXN200388,39624,202001234569,Project Income - InnovaTech
2025-06-07,TXN200389,-454,202001234569,Fuel Purchase - BPCL
2025-01-07,TXN200390,-1440,202001234569,Utility Bill - Gas Agency
2025-06-27,TXN200391,-1411,202001234567,Medical / Pharmacy - MedPlus
2025-03-11,TXN200392,-3523,202001234568,Wallet Top-up - GPay
2025-03-31,TXN200393,24270,202001234567,Project Income - Client A
2025-05-25,TXN200394,-2414,202001234568,Fuel Purchase - BPCL
2025-02-06,TXN200395,-2715,202001234569,Fuel Purchase - BPCL
2025-01-24,TXN200396,44018,202001234569,Salary Credit - Payroll System
2025-04-07,TXN200397,-11476,202001234568,Medical / Pharmacy - MedPlus
2025-02-10,TXN200398,748,202001234568,Interest Credit - Savings interest
2025-03-25,TXN200399,-1045,202001234569,Food / Dining - Restaurant
2025-01-14,TXN200400,-5305,202001234567,Utility Bill - Electricity Board
2025-06-22,TXN200401,-4593,202001234568,Wallet Top-up - Paytm
2025-06-19,TXN200402,31039,202001234568,Project Income - InnovaTech
2025-04-24,TXN200403,119570,202001234568,Salary Credit - HRMS Salary
2025-05-12,TXN200404,-11469,202001234568,Medical / Pharmacy - Apollo
2025-01-29,TXN200405,96349,202001234569,Salary Credit - HRMS Salary
2025-06-01,TXN200406,-442,202001234569,Utility Bill - Water Dept
2025-03-20,TXN200407,-16279,202001234567,Travel Booking - MakeMyTrip
2025-06-03,TXN200408,-34097,202001234567,Travel Booking - MakeMyTrip
2025-03-19,TXN200409,-5326,202001234567,UPI Transfer - to Neha
2025-03-07,TXN200410,-740,202001234568,UPI Transfer - to Vendor
2025-01-02,TXN200411,9863,202001234569,Project Income - InnovaTech
2025-02-14,TXN200412,-2473,202001234568,Utility Bill - Electricity Board
2025-06-30,TXN200413,-1638,202001234569,Utility Bill - Electricity Board
2025-06-21,TXN200414,9254,202001234567,Refund - Payment reversal
2025-01-11,TXN200415,-1374,202001234567,Fuel Purchase - Indian Oil
2025-01-20,TXN200416,-2117,202001234569,Food / Dining - Swiggy
2025-05-27,TXN200417,-2242,202001234569,Food / Dining - Swiggy
2025-03-16,TXN200418,94747,202001234568,Salary Credit - Company Payroll
2025-03-25,TXN200419,-490,202001234569,Bank Fee - Monthly fee
2025-06-26,TXN200420,100305,202001234567,Salary Credit - HRMS Salary
2025-01-28,TXN200421,-3423,202001234568,UPI Transfer - to Neha
2025-04-13,TXN200422,40592,202001234568,Project Income - Client A
2025-03-28,TXN200423,-2459,202001234568,Wallet Top-up - Paytm
2025-01-20,TXN200424,-4623,202001234569,Utility Bill - Gas Agency
2025-05-16,TXN200425,54945,202001234567,Salary Credit - Payroll System
2025-03-31,TXN200426,-2138,202001234567,ATM Withdrawal - HDFC ATM
2025-02-07,TXN200427,-2579,202001234567,Fuel Purchase - Indian Oil
2025-06-04,TXN200428,-5579,202001234569,UPI Transfer - to Neha
2025-02-15,TXN200429,49876,202001234568,Salary Credit - Payroll System
2025-05-25,TXN200430,100811,202001234568,Salary Credit - Payroll System
2025-05-25,TXN200431,-3841,202001234569,Loan EMI - Bajaj Finance
2025-06-10,TXN200432,82363,202001234567,Salary Credit - HRMS Salary
2025-01-18,TXN200433,-2199,202001234568,Food / Dining - Swiggy
2025-03-19,TXN200434,-4656,202001234569,Loan EMI - ICICI Loan
2025-04-05,TXN200435,53415,202001234568,Salary Credit - Company Payroll
2025-04-26,TXN200436,-2109,202001234567,Food / Dining - Zomato
2025-03-15,TXN200437,-35835,202001234569,Travel Booking - MakeMyTrip
2025-01-24,TXN200438,-3361,202001234568,Travel Booking - Ola
2025-05-22,TXN200439,-623,202001234567,Fuel Purchase - BPCL
2025-05-27,TXN200440,31473,202001234568,Project Income - Client B
2025-05-05,TXN200441,53740,202001234567,Salary Credit - Company Payroll
2025-01-27,TXN200442,-1155,202001234569,Fuel Purchase - Indian Oil
2025-05-10,TXN200443,-6310,202001234567,UPI Transfer - to Neha
2025-04-23,TXN200444,18236,202001234569,Project Income - InnovaTech
2025-06-06,TXN200445,-6436,202001234568,Medical / Pharmacy - Apollo
2025-03-14,TXN200446,88870,202001234568,Salary Credit - HRMS Salary
2025-03-28,TXN200447,-104,202001234569,Bank Fee - SMS charge
2025-06-11,TXN200448,46863,202001234568,Salary Credit - Payroll System
2025-03-26,TXN200449,-467,202001234569,Bank Fee - Monthly fee
2025-03-14,TXN200450,90667,202001234569,Salary Credit - HRMS Salary
2025-02-08,TXN200451,118997,202001234567,Salary Credit - HRMS Salary
2025-06-19,TXN200452,116380,202001234568,Salary Credit - Company Payroll
2025-06-17,TXN200453,5182,202001234569,Refund - Chargeback
2025-02-03,TXN200454,-1395,202001234569,Fuel Purchase - BPCL
2025-03-21,TXN200455,-6306,202001234569,UPI Transfer - to Landlord
2025-03-26,TXN200456,-8118,202001234569,Travel Booking - IRCTC
2025-06-25,TXN200457,48060,202001234569,Project Income - Client A
2025-04-19,TXN200458,-2508,202001234567,Online Shopping - Myntra
2025-03-21,TXN200459,-2030,202001234567,Wallet Top-up - Paytm
2025-05-05,TXN200460,-5201,202001234567,Online Shopping - Flipkart
2025-02-09,TXN200461,-50985,202001234568,Travel Booking - MakeMyTrip
2025-05-10,TXN200462,53256,202001234569,Salary Credit - Payroll System
2025-05-15,TXN200463,-2088,202001234569,Travel Booking - MakeMyTrip
2025-06-08,TXN200464,84140,202001234569,Salary Credit - Company Payroll
2025-02-09,TXN200465,-1914,202001234567,Wallet Top-up - Paytm
2025-06-27,TXN200466,1752,202001234569,Interest Credit - Quarterly interest
2025-01-12,TXN200467,-31317,202001234568,Travel Booking - Ola
2025-04-24,TXN200468,71133,202001234568,Salary Credit - Payroll System
2025-04-25,TXN200469,-837,202001234569,UPI Transfer - to Neha
2025-03-21,TXN200470,-44326,202001234567,Travel Booking - Ola
2025-06-23,TXN200471,803,202001234568,Interest Credit - Savings interest
2025-03-14,TXN200472,-697,202001234569,UPI Transfer - to Landlord
2025-04-18,TXN200473,-6359,202001234567,Loan EMI - HDFC Loan
2025-06-04,TXN200474,-90,202001234568,Bank Fee - Monthly fee
2025-06-14,TXN200475,-6573,202001234568,UPI Transfer - to Landlord
2025-01-27,TXN200476,-2458,202001234568,UPI Transfer - to Rahul
2025-02-11,TXN200477,-13626,202001234568,Medical / Pharmacy - MedPlus
2025-02-07,TXN200478,107286,202001234567,Salary Credit - HRMS Salary
2025-02-26,TXN200479,-542,202001234568,Online Shopping - Ajio
2025-04-17,TXN200480,-58253,202001234568,Travel Booking - MakeMyTrip
2025-04-06,TXN200481,-888,202001234568,Wallet Top-up - Paytm
2025-04-06,TXN200482,-459,202001234567,Bank Fee - Monthly fee
2025-01-26,TXN200483,-4390,202001234567,UPI Transfer - to Vendor
2025-01-10,TXN200484,-6873,202001234568,Online Shopping - Myntra
2025-06-30,TXN200485,-3864,202001234568,ATM Withdrawal - Axis ATM
2025-01-02,TXN200486,-185,202001234567,Bank Fee - Monthly fee
2025-02-25,TXN200487,-3904,202001234569,Utility Bill - Electricity Board
2025-06-05,TXN200488,-1043,202001234567,UPI Transfer - to Landlord
2025-03-03,TXN200489,67734,202001234567,Salary Credit - Company Payroll
2025-04-18,TXN200490,-4047,202001234569,Utility Bill - Gas Agency
2025-01-17,TXN200491,-2128,202001234568,Food / Dining - Zomato
2025-05-18,TXN200492,-5224,202001234569,Loan EMI - HDFC Loan
2025-05-28,TXN200493,-779,202001234569,ATM Withdrawal - HDFC ATM
2025-03-16,TXN200494,-12648,202001234567,Medical / Pharmacy - MedPlus
2025-04-01,TXN200495,-1482,202001234569,Food / Dining - Zomato
2025-02-17,TXN200496,-32700,202001234569,Travel Booking - MakeMyTrip
2025-01-18,TXN200497,-9092,202001234569,Loan EMI - Bajaj Finance
2025-05-10,TXN200498,-2844,202001234568,UPI Transfer - to Rahul
2025-01-12,TXN200499,32810,202001234568,Project Income - InnovaTech
2025-01-05,TXN200500,-10845,202001234567,Medical / Pharmacy - MedPlus
2025-03-03,TXN200501,-2176,202001234569,Wallet Top-up - GPay
2025-05-29,TXN200502,53587,202001234568,Salary Credit - Payroll System
2025-01-12,TXN200503,57486,202001234569,Salary Credit - HRMS Salary
2025-06-14,TXN200504,24187,202001234569,Project Income - Client B
2025-06-28,TXN200505,-2097,202001234569,Food / Dining - Swiggy
2025-02-04,TXN200506,-48055,202001234569,Travel Booking - MakeMyTrip
2025-01-10,TXN200507,-1251,202001234567,ATM Withdrawal - ICICI ATM
2025-02-21,TXN200508,-6642,202001234568,UPI Transfer - to Rahul
2025-05-12,TXN200509,22321,202001234569,Project Income - InnovaTech
2025-03-06,TXN200510,-28976,202001234569,Travel Booking - MakeMyTrip
2025-03-15,TXN200511,-3435,202001234567,Wallet Top-up - PhonePe
2025-06-17,TXN200512,-454,202001234568,Food / Dining - Swiggy
2025-04-05,TXN200513,-437,202001234568,Bank Fee - Service charge
2025-04-09,TXN200514,30818,202001234567,Project Income - ProjectCorp
2025-06-27,TXN200515,-3936,202001234568,Online Shopping - Ajio
2025-03-10,TXN200516,108062,202001234569,Salary Credit - Company Payroll
2025-01-21,TXN200517,-1523,202001234569,Wallet Top-up - PhonePe
2025-02-16,TXN200518,-632,202001234568,Food / Dining - Restaurant
2025-01-27,TXN200519,-38950,202001234568,Travel Booking - MakeMyTrip
2025-03-17,TXN200520,-16686,202001234568,Travel Booking - Uber
2025-04-20,TXN200521,-2064,202001234569,UPI Transfer - to Neha
2025-03-31,TXN200522,-1182,202001234567,Fuel Purchase - Indian Oil
2025-04-01,TXN200523,-12368,202001234568,Travel Booking - Ola
2025-01-20,TXN200524,-4531,202001234569,Wallet Top-up - GPay
2025-04-04,TXN200525,-4673,202001234567,Online Shopping - Flipkart
2025-06-05,TXN200526,-427,202001234568,Bank Fee - SMS charge
2025-02-02,TXN200527,-4715,202001234567,ATM Withdrawal - SBI ATM
2025-06-15,TXN200528,-8980,202001234568,Travel Booking - Uber
2025-05-26,TXN200529,-3864,202001234569,UPI Transfer - to Rahul
2025-06-23,TXN200530,-6744,202001234568,Online Shopping - Ajio
2025-04-24,TXN200531,6195,202001234569,Refund - Amazon refund
2025-05-16,TXN200532,-5873,202001234568,UPI Transfer - to Vendor
2025-06-16,TXN200533,-3425,202001234567,Utility Bill - Water Dept
2025-01-07,TXN200534,54869,202001234567,Salary Credit - Payroll System
2025-05-13,TXN200535,8276,202001234569,Refund - Payment reversal
2025-03-09,TXN200536,291,202001234569,Interest Credit - Savings interest
2025-02-24,TXN200537,-1173,202001234568,Fuel Purchase - BPCL
2025-05-06,TXN200538,1471,202001234567,Interest Credit - Quarterly interest
2025-01-19,TXN200539,-3889,202001234567,Wallet Top-up - PhonePe
2025-04-24,TXN200540,-1157,202001234569,UPI Transfer - to Rahul
2025-06-20,TXN200541,-4382,202001234569,UPI Transfer - to Vendor
2025-05-21,TXN200542,-4469,202001234568,Wallet Top-up - GPay
2025-02-10,TXN200543,21657,202001234568,Project Income - Client B
2025-02-27,TXN200544,-833,202001234567,ATM Withdrawal - SBI ATM
2025-03-04,TXN200545,80009,202001234568,Salary Credit - Company Payroll
2025-05-27,TXN200546,-731,202001234568,Fuel Purchase - Indian Oil
2025-05-22,TXN200547,-417,202001234569,UPI Transfer - to Neha
2025-01-17,TXN200548,-13588,202001234568,Loan EMI - ICICI Loan
2025-05-03,TXN200549,-2127,202001234568,Online Shopping - Ajio
2025-02-02,TXN200550,-4396,202001234569,ATM Withdrawal - ICICI ATM
2025-04-26,TXN200551,49720,202001234569,Salary Credit - HRMS Salary
2025-03-30,TXN200552,-1762,202001234569,Utility Bill - Electricity Board
2025-05-31,TXN200553,-1759,202001234567,UPI Transfer - to Neha
2025-05-09,TXN200554,30352,202001234567,Project Income - Client A
2025-02-09,TXN200555,35954,202001234567,Project Income - ProjectCorp
2025-03-24,TXN200556,-12347,202001234567,Medical / Pharmacy - Practo
2025-05-13,TXN200557,-3166,202001234567,Utility Bill - Water Dept
2025-02-20,TXN200558,563,202001234567,Interest Credit - Savings interest
2025-03-19,TXN200559,-1440,202001234569,Food / Dining - Restaurant
2025-05-09,TXN200560,8122,202001234569,Project Income - Client B
2025-02-09,TXN200561,-2244,202001234569,UPI Transfer - to Neha
2025-05-25,TXN200562,-2235,202001234567,Wallet Top-up - Paytm
2025-01-12,TXN200563,-54677,202001234569,Travel Booking - Uber
2025-05-27,TXN200564,-3274,202001234569,ATM Withdrawal - Axis ATM
2025-01-08,TXN200565,-4531,202001234569,Medical / Pharmacy - MedPlus
2025-03-16,TXN200566,-221,202001234568,Bank Fee - SMS charge
2025-03-04,TXN200567,-4044,202001234568,Online Shopping - Ajio
2025-01-19,TXN200568,-268,202001234567,Bank Fee - SMS charge
2025-04-23,TXN200569,-49641,202001234568,Travel Booking - Ola
2025-02-22,TXN200570,-263,202001234569,Bank Fee - Service charge
2025-03-22,TXN200571,-4824,202001234568,Utility Bill - Gas Agency
2025-03-30,TXN200572,-986,202001234567,UPI Transfer - to Landlord
2025-04-05,TXN200573,-1769,202001234568,Online Shopping - Amazon
2025-04-30,TXN200574,71685,202001234568,Salary Credit - Company Payroll
2025-03-05,TXN200575,-1317,202001234567,ATM Withdrawal - HDFC ATM
2025-03-16,TXN200576,-4586,202001234569,ATM Withdrawal - Axis ATM
2025-03-05,TXN200577,-1575,202001234568,ATM Withdrawal - HDFC ATM
2025-02-18,TXN200578,-2439,202001234568,ATM Withdrawal - HDFC ATM
2025-04-30,TXN200579,8533,202001234568,Refund - Payment reversal
2025-01-06,TXN200580,-926,202001234568,ATM Withdrawal - SBI ATM
2025-04-28,TXN200581,-1860,202001234567,Utility Bill - Electricity Board
2025-04-01,TXN200582,-222,202001234567,Wallet Top-up - Paytm
2025-05-07,TXN200583,-356,202001234569,Bank Fee - SMS charge
2025-03-15,TXN200584,7810,202001234567,Refund - Chargeback
2025-04-21,TXN200585,-4120,202001234568,ATM Withdrawal - HDFC ATM
2025-04-04,TXN200586,-2041,202001234568,Online Shopping - Ajio
2025-04-13,TXN200587,45930,202001234569,Salary Credit - Company Payroll
2025-04-03,TXN200588,-3406,202001234567,ATM Withdrawal - ICICI ATM
2025-05-10,TXN200589,-4836,202001234569,Online Shopping - Ajio
2025-06-09,TXN200590,-2709,202001234567,ATM Withdrawal - SBI ATM
2025-04-11,TXN200591,52672,202001234568,Salary Credit - HRMS Salary
2025-02-06,TXN200592,-2005,202001234569,ATM Withdrawal - HDFC ATM
2025-04-13,TXN200593,-240,202001234567,Bank Fee - SMS charge
2025-01-10,TXN200594,-7629,202001234569,Online Shopping - Flipkart
2025-05-02,TXN200595,-3272,202001234568,Utility Bill - Gas Agency
2025-06-05,TXN200596,355,202001234568,Interest Credit - Quarterly interest
2025-03-23,TXN200597,-4956,202001234568,Loan EMI - HDFC Loan
2025-06-03,TXN200598,69116,202001234569,Salary Credit - Payroll System
2025-05-06,TXN200599,109774,202001234569,Salary Credit - Payroll System
2025-05-02,TXN200600,-2545,202001234568,Wallet Top-up - Paytm
2025-06-22,TXN200601,-9573,202001234568,Medical / Pharmacy - Apollo
2025-03-20,TXN200602,116507,202001234569,Salary Credit - Payroll System
2025-01-07,TXN200603,-2846,202001234568,Online Shopping - Ajio
2025-05-29,TXN200604,-1315,202001234567,Food / Dining - Restaurant
2025-05-30,TXN200605,-2790,202001234567,Fuel Purchase - Indian Oil
2025-06-11,TXN200606,-706,202001234567,ATM Withdrawal - Axis ATM
2025-06-24,TXN200607,-1269,202001234567,Online Shopping - Flipkart
2025-06-29,TXN200608,39523,202001234567,Project Income - Client A
2025-04-23,TXN200609,-491,202001234568,Bank Fee - Service charge
2025-04-16,TXN200610,-5760,202001234568,UPI Transfer - to Neha
2025-06-06,TXN200611,-1890,202001234569,Utility Bill - Water Dept
2025-01-16,TXN200612,-128,202001234567,Bank Fee - SMS charge
2025-02-23,TXN200613,-876,202001234568,Fuel Purchase - BPCL
2025-05-15,TXN200614,102701,202001234568,Salary Credit - HRMS Salary
2025-04-28,TXN200615,-6582,202001234569,Online Shopping - Myntra
2025-06-23,TXN200616,-9196,202001234569,Loan EMI - Bajaj Finance
2025-06-06,TXN200617,-2835,202001234567,Wallet Top-up - PhonePe
2025-03-13,TXN200618,554,202001234567,Interest Credit - Savings interest
2025-03-18,TXN200619,1978,202001234569,Interest Credit - Savings interest
2025-06-26,TXN200620,67168,202001234568,Salary Credit - Payroll System
2025-05-03,TXN200621,22777,202001234569,Project Income - ProjectCorp
2025-03-12,TXN200622,1962,202001234567,Interest Credit - Savings interest
2025-06-23,TXN200623,-3303,202001234568,Online Shopping - Ajio
2025-03-30,TXN200624,-1296,202001234568,Online Shopping - Flipkart
2025-03-15,TXN200625,4756,202001234568,Project Income - Client A
2025-06-17,TXN200626,97983,202001234569,Salary Credit - HRMS Salary
2025-02-24,TXN200627,-2076,202001234569,Utility Bill - Electricity Board
2025-05-24,TXN200628,-5779,202001234567,Online Shopping - Myntra
2025-06-07,TXN200629,-5106,202001234569,Utility Bill - Gas Agency
2025-03-04,TXN200630,71363,202001234569,Salary Credit - Company Payroll
2025-02-27,TXN200631,-650,202001234567,Wallet Top-up - GPay
2025-01-26,TXN200632,-6570,202001234568,UPI Transfer - to Landlord
2025-01-26,TXN200633,7839,202001234567,Refund - Chargeback
2025-05-21,TXN200634,-3979,202001234568,Food / Dining - Zomato
2025-05-02,TXN200635,-166,202001234569,Bank Fee - Service charge
2025-03-15,TXN200636,66143,202001234568,Salary Credit - HRMS Salary
2025-01-16,TXN200637,1372,202001234569,Interest Credit - Quarterly interest
2025-03-01,TXN200638,-2297,202001234567,UPI Transfer - to Rahul
2025-02-15,TXN200639,-1289,202001234568,Fuel Purchase - HP Petrol
2025-02-17,TXN200640,34465,202001234567,Project Income - ProjectCorp
2025-03-18,TXN200641,-4925,202001234568,ATM Withdrawal - SBI ATM
2025-04-27,TXN200642,-5669,202001234567,Online Shopping - Ajio
2025-04-30,TXN200643,-1870,202001234567,Utility Bill - Water Dept
2025-03-26,TXN200644,1945,202001234569,Refund - Amazon refund
2025-06-15,TXN200645,-3241,202001234569,UPI Transfer - to Vendor
2025-01-04,TXN200646,-4475,202001234568,Utility Bill - Gas Agency
2025-03-17,TXN200647,-8177,202001234567,Travel Booking - IRCTC
2025-06-13,TXN200648,-1996,202001234568,UPI Transfer - to Landlord
2025-03-25,TXN200649,-3779,202001234568,Online Shopping - Amazon
2025-02-17,TXN200650,52502,202001234568,Salary Credit - Company Payroll
2025-03-05,TXN200651,-2350,202001234568,ATM Withdrawal - SBI ATM
2025-03-02,TXN200652,-4858,202001234568,Online Shopping - Ajio
2025-03-19,TXN200653,-2300,202001234568,ATM Withdrawal - SBI ATM
2025-06-27,TXN200654,-2055,202001234567,ATM Withdrawal - HDFC ATM
2025-01-31,TXN200655,-2530,202001234568,Online Shopping - Ajio
2025-04-14,TXN200656,-3692,202001234569,ATM Withdrawal - ICICI ATM
2025-06-13,TXN200657,-4039,202001234568,Wallet Top-up - PhonePe
2025-02-26,TXN200658,68947,202001234568,Salary Credit - Company Payroll
2025-04-27,TXN200659,363,202001234568,Interest Credit - Savings interest
2025-05-21,TXN200660,48002,202001234569,Project Income - InnovaTech
2025-06-20,TXN200661,-7441,202001234567,Travel Booking - IRCTC
2025-01-21,TXN200662,118094,202001234568,Salary Credit - Payroll System
2025-06-30,TXN200663,36614,202001234567,Project Income - ProjectCorp
2025-01-29,TXN200664,-23027,202001234569,Travel Booking - MakeMyTrip
2025-02-21,TXN200665,-860,202001234569,Wallet Top-up - GPay
2025-02-12,TXN200666,-3387,202001234569,Food / Dining - Swiggy
2025-01-30,TXN200667,-4381,202001234569,Online Shopping - Flipkart
2025-01-24,TXN200668,-996,202001234567,ATM Withdrawal - Axis ATM
2025-02-03,TXN200669,7529,202001234568,Refund - Chargeback
2025-05-25,TXN200670,-7516,202001234569,Medical / Pharmacy - Apollo
2025-06-22,TXN200671,-3213,202001234569,UPI Transfer - to Vendor
2025-04-12,TXN200672,-6822,202001234567,UPI Transfer - to Vendor
2025-02-25,TXN200673,-1891,202001234567,Online Shopping - Amazon
2025-03-30,TXN200674,-1265,202001234567,Fuel Purchase - BPCL
2025-01-16,TXN200675,-567,202001234568,ATM Withdrawal - SBI ATM
2025-03-15,TXN200676,-5741,202001234567,Utility Bill - Water Dept
2025-06-14,TXN200677,10875,202001234568,Project Income - InnovaTech
2025-04-08,TXN200678,1875,202001234568,Interest Credit - Savings interest
2025-01-21,TXN200679,-4923,202001234569,Online Shopping - Flipkart
2025-01-31,TXN200680,85582,202001234569,Salary Credit - Company Payroll
2025-05-16,TXN200681,-3781,202001234569,UPI Transfer - to Neha
2025-01-01,TXN200682,-6176,202001234568,Online Shopping - Amazon
2025-06-22,TXN200683,-3208,202001234569,UPI Transfer - to Landlord
2025-02-28,TXN200684,-1893,202001234568,ATM Withdrawal - HDFC ATM
2025-02-09,TXN200685,-323,202001234567,Bank Fee - Service charge
2025-01-29,TXN200686,1969,202001234569,Interest Credit - Quarterly interest
2025-06-07,TXN200687,94950,202001234567,Salary Credit - Company Payroll
2025-01-18,TXN200688,-4312,202001234569,Utility Bill - Electricity Board
2025-04-25,TXN200689,-4725,202001234567,ATM Withdrawal - SBI ATM
2025-04-13,TXN200690,45798,202001234567,Salary Credit - HRMS Salary
2025-02-25,TXN200691,-24627,202001234567,Travel Booking - MakeMyTrip
2025-03-16,TXN200692,-1873,202001234569,Utility Bill - Electricity Board
2025-03-23,TXN200693,-1641,202001234569,Food / Dining - Restaurant
2025-06-22,TXN200694,-1672,202001234567,Online Shopping - Myntra
2025-02-06,TXN200695,-10056,202001234569,Loan EMI - Bajaj Finance
2025-04-16,TXN200696,-2095,202001234568,Fuel Purchase - Indian Oil
2025-05-23,TXN200697,-6501,202001234569,UPI Transfer - to Neha
2025-04-20,TXN200698,-153,202001234568,Bank Fee - SMS charge
2025-03-30,TXN200699,5072,202001234569,Project Income - InnovaTech
2025-06-28,TXN200700,-3389,202001234568,Utility Bill - Water Dept
2025-03-18,TXN200701,-12556,202001234567,Medical / Pharmacy - MedPlus
2025-05-18,TXN200702,-910,202001234567,Food / Dining - Swiggy
2025-02-27,TXN200703,-4338,202001234569,Travel Booking - Uber
2025-04-29,TXN200704,-3818,202001234569,ATM Withdrawal - SBI ATM
2025-04-17,TXN200705,-1310,202001234569,Fuel Purchase - BPCL
2025-04-10,TXN200706,-12804,202001234568,Medical / Pharmacy - Apollo
2025-03-26,TXN200707,-3335,202001234568,ATM Withdrawal - SBI ATM
2025-01-24,TXN200708,88637,202001234569,Salary Credit - Payroll System
2025-01-14,TXN200709,-2220,202001234568,Fuel Purchase - Indian Oil
2025-06-04,TXN200710,-1482,202001234567,UPI Transfer - to Rahul
2025-05-31,TXN200711,-3459,202001234569,Wallet Top-up - GPay
2025-05-03,TXN200712,-3223,202001234568,ATM Withdrawal - HDFC ATM
2025-01-04,TXN200713,-2759,202001234567,Food / Dining - Zomato
2025-01-31,TXN200714,-1926,202001234567,Online Shopping - Ajio
2025-04-12,TXN200715,-3325,202001234569,ATM Withdrawal - HDFC ATM
2025-03-14,TXN200716,-2366,202001234568,ATM Withdrawal - Axis ATM
2025-06-16,TXN200717,-1815,202001234568,Food / Dining - Swiggy
2025-04-03,TXN200718,4385,202001234568,Refund - Chargeback
2025-01-26,TXN200719,1004,202001234568,Interest Credit - Savings interest
2025-04-05,TXN200720,-4336,202001234568,Utility Bill - Water Dept
2025-05-25,TXN200721,-4626,202001234569,Wallet Top-up - Paytm
2025-01-05,TXN200722,11563,202001234569,Project Income - ProjectCorp
2025-05-29,TXN200723,-1608,202001234568,Food / Dining - Restaurant
2025-02-09,TXN200724,21345,202001234568,Project Income - Client B
2025-04-08,TXN200725,17074,202001234568,Project Income - Client B
2025-06-17,TXN200726,-219,202001234568,Bank Fee - SMS charge
2025-05-06,TXN200727,-3892,202001234569,Utility Bill - Gas Agency
2025-04-28,TXN200728,-991,202001234569,Fuel Purchase - HP Petrol
2025-04-01,TXN200729,1678,202001234567,Interest Credit - Quarterly interest
2025-05-20,TXN200730,-2100,202001234567,Online Shopping - Ajio
2025-06-14,TXN200731,-559,202001234569,Wallet Top-up - Paytm
2025-01-20,TXN200732,4216,202001234567,Project Income - Client A
2025-02-05,TXN200733,-3622,202001234567,UPI Transfer - to Neha
2025-02-08,TXN200734,-3414,202001234567,Medical / Pharmacy - Apollo
2025-04-27,TXN200735,-2858,202001234567,UPI Transfer - to Vendor
2025-06-18,TXN200736,103334,202001234567,Salary Credit - HRMS Salary
2025-05-17,TXN200737,-14892,202001234568,Medical / Pharmacy - Practo
2025-01-05,TXN200738,-6903,202001234569,UPI Transfer - to Vendor
2025-01-05,TXN200739,-3652,202001234569,Utility Bill - Gas Agency
2025-02-15,TXN200740,-1473,202001234567,ATM Withdrawal - SBI ATM
2025-02-08,TXN200741,-1853,202001234567,Food / Dining - Zomato
2025-05-15,TXN200742,-1923,202001234568,UPI Transfer - to Vendor
2025-04-12,TXN200743,597,202001234568,Interest Credit - Quarterly interest
2025-04-28,TXN200744,-1674,202001234567,Wallet Top-up - GPay
2025-02-27,TXN200745,-1145,202001234569,Food / Dining - Swiggy
2025-06-17,TXN200746,-4340,202001234567,ATM Withdrawal - SBI ATM
2025-04-08,TXN200747,-2680,202001234569,Utility Bill - Water Dept
2025-01-15,TXN200748,-4101,202001234569,Online Shopping - Amazon
2025-01-22,TXN200749,-2299,202001234568,Fuel Purchase - Indian Oil
2025-05-25,TXN200750,83420,202001234569,Salary Credit - Company Payroll
2025-02-28,TXN200751,-6652,202001234569,UPI Transfer - to Neha
2025-05-02,TXN200752,-679,202001234567,Fuel Purchase - Indian Oil
2025-06-25,TXN200753,-4391,202001234569,Wallet Top-up - PhonePe
2025-06-18,TXN200754,-1384,202001234567,Utility Bill - Electricity Board
2025-03-22,TXN200755,-517,202001234567,Food / Dining - Zomato
2025-02-06,TXN200756,116943,202001234568,Salary Credit - Payroll System
2025-03-18,TXN200757,-4370,202001234569,Wallet Top-up - Paytm
2025-05-26,TXN200758,-3031,202001234569,ATM Withdrawal - Axis ATM
2025-03-26,TXN200759,37426,202001234569,Project Income - InnovaTech
2025-06-26,TXN200760,-3427,202001234567,Food / Dining - Restaurant
2025-03-30,TXN200761,-898,202001234567,ATM Withdrawal - SBI ATM
2025-03-01,TXN200762,-4420,202001234568,Online Shopping - Amazon
2025-06-07,TXN200763,-5085,202001234568,Loan EMI - Bajaj Finance
2025-03-25,TXN200764,-2327,202001234569,Loan EMI - HDFC Loan
2025-04-26,TXN200765,4578,202001234567,Refund - Payment reversal
2025-05-22,TXN200766,-9171,202001234568,Loan EMI - ICICI Loan
2025-06-24,TXN200767,-5479,202001234567,UPI Transfer - to Landlord
2025-06-08,TXN200768,-1675,202001234567,Online Shopping - Myntra
2025-01-22,TXN200769,-5398,202001234567,Utility Bill - Water Dept
2025-06-12,TXN200770,-1888,202001234569,ATM Withdrawal - HDFC ATM
2025-03-23,TXN200771,-8617,202001234567,Medical / Pharmacy - MedPlus
2025-01-02,TXN200772,-6251,202001234568,UPI Transfer - to Vendor
2025-03-11,TXN200773,25587,202001234567,Project Income - Client A
2025-02-17,TXN200774,-456,202001234568,Bank Fee - Service charge
2025-05-23,TXN200775,-23498,202001234567,Travel Booking - Ola
2025-01-23,TXN200776,-4785,202001234569,ATM Withdrawal - ICICI ATM
2025-06-02,TXN200777,-6238,202001234568,UPI Transfer - to Vendor
2025-03-16,TXN200778,75,202001234568,Interest Credit - Savings interest
2025-01-22,TXN200779,-618,202001234569,UPI Transfer - to Neha
2025-02-13,TXN200780,108302,202001234568,Salary Credit - Payroll System
2025-02-05,TXN200781,-3612,202001234568,Wallet Top-up - PhonePe
2025-05-07,TXN200782,-10603,202001234567,Medical / Pharmacy - Apollo
2025-04-22,TXN200783,-5631,202001234568,UPI Transfer - to Vendor
2025-05-04,TXN200784,-10089,202001234568,Loan EMI - HDFC Loan
2025-03-05,TXN200785,-10877,202001234569,Medical / Pharmacy - Practo
2025-06-02,TXN200786,-6877,202001234567,Loan EMI - Bajaj Finance
2025-01-28,TXN200787,-1250,202001234568,ATM Withdrawal - HDFC ATM
2025-04-12,TXN200788,-6945,202001234569,UPI Transfer - to Vendor
2025-03-26,TXN200789,-3888,202001234568,UPI Transfer - to Landlord
2025-06-16,TXN200790,30220,202001234568,Project Income - Client B
2025-06-04,TXN200791,-1687,202001234567,Fuel Purchase - BPCL
2025-03-22,TXN200792,-7152,202001234568,Medical / Pharmacy - Apollo
2025-03-16,TXN200793,-9772,202001234569,Medical / Pharmacy - Practo
2025-05-06,TXN200794,-176,202001234567,Bank Fee - SMS charge
2025-04-07,TXN200795,82714,202001234568,Salary Credit - HRMS Salary
2025-01-30,TXN200796,-36079,202001234569,Travel Booking - IRCTC
2025-02-16,TXN200797,-1766,202001234569,Food / Dining - Restaurant
2025-04-29,TXN200798,-4780,202001234568,ATM Withdrawal - HDFC ATM
2025-03-16,TXN200799,-1931,202001234567,Medical / Pharmacy - Practo
2025-06-22,TXN200800,-1649,202001234567,Wallet Top-up - PhonePe
2025-03-19,TXN200801,1347,202001234568,Interest Credit - Quarterly interest
2025-02-09,TXN200802,-1605,202001234568,UPI Transfer - to Landlord
2025-04-25,TXN200803,6847,202001234569,Project Income - InnovaTech
2025-05-17,TXN200804,92534,202001234569,Salary Credit - Payroll System
2025-05-20,TXN200805,-2574,202001234568,Utility Bill - Electricity Board
2025-05-18,TXN200806,-1127,202001234569,Food / Dining - Restaurant
2025-01-28,TXN200807,51138,202001234569,Salary Credit - Company Payroll
2025-04-01,TXN200808,-555,202001234569,Utility Bill - Electricity Board
2025-01-12,TXN200809,42152,202001234568,Project Income - InnovaTech
2025-04-21,TXN200810,1680,202001234567,Interest Credit - Quarterly interest
2025-03-08,TXN200811,-13385,202001234569,Medical / Pharmacy - Apollo
2025-05-23,TXN200812,-1751,202001234569,Utility Bill - Gas Agency
2025-02-26,TXN200813,-1288,202001234568,Utility Bill - Water Dept
2025-04-29,TXN200814,-1398,202001234569,Fuel Purchase - BPCL
2025-05-09,TXN200815,-147,202001234568,Bank Fee - Monthly fee
2025-05-04,TXN200816,-7799,202001234568,Online Shopping - Amazon
2025-01-22,TXN200817,-288,202001234569,Bank Fee - Monthly fee
2025-03-31,TXN200818,-3840,202001234568,ATM Withdrawal - ICICI ATM
2025-02-22,TXN200819,-1270,202001234568,ATM Withdrawal - Axis ATM
2025-01-25,TXN200820,-257,202001234569,Bank Fee - Service charge
2025-04-26,TXN200821,47663,202001234567,Project Income - ProjectCorp
2025-01-12,TXN200822,-10081,202001234567,Medical / Pharmacy - Practo
2025-03-29,TXN200823,-5815,202001234567,Utility Bill - Gas Agency
2025-02-12,TXN200824,-1453,202001234569,UPI Transfer - to Neha
2025-05-22,TXN200825,-5571,202001234568,UPI Transfer - to Neha
2025-04-20,TXN200826,113380,202001234567,Salary Credit - HRMS Salary
2025-06-11,TXN200827,6736,202001234567,Refund - Amazon refund
2025-04-12,TXN200828,-1460,202001234569,ATM Withdrawal - SBI ATM
2025-02-20,TXN200829,-19754,202001234569,Travel Booking - Ola
2025-04-10,TXN200830,-1482,202001234569,ATM Withdrawal - SBI ATM
2025-02-22,TXN200831,16076,202001234569,Project Income - ProjectCorp
2025-05-28,TXN200832,48200,202001234569,Salary Credit - Company Payroll
2025-04-04,TXN200833,-47748,202001234567,Travel Booking - Uber
2025-01-30,TXN200834,987,202001234569,Interest Credit - Savings interest
2025-05-16,TXN200835,-2991,202001234569,UPI Transfer - to Vendor
2025-06-06,TXN200836,90939,202001234569,Salary Credit - HRMS Salary
2025-03-31,TXN200837,-2533,202001234568,Fuel Purchase - Indian Oil
2025-02-14,TXN200838,-2943,202001234569,Online Shopping - Myntra
2025-06-22,TXN200839,-4306,202001234568,Wallet Top-up - Paytm
2025-03-03,TXN200840,-7035,202001234567,Online Shopping - Myntra
2025-04-06,TXN200841,-6501,202001234569,Online Shopping - Flipkart
2025-04-18,TXN200842,90916,202001234567,Salary Credit - Payroll System
2025-04-09,TXN200843,-206,202001234567,Bank Fee - Service charge
2025-06-12,TXN200844,-3014,202001234569,UPI Transfer - to Neha
2025-05-06,TXN200845,61871,202001234567,Salary Credit - HRMS Salary
2025-03-22,TXN200846,-2234,202001234569,Fuel Purchase - Indian Oil
2025-04-02,TXN200847,-473,202001234568,Bank Fee - Monthly fee
2025-02-19,TXN200848,329,202001234569,Interest Credit - Savings interest
2025-06-17,TXN200849,35124,202001234568,Project Income - InnovaTech
2025-05-06,TXN200850,46872,202001234569,Project Income - InnovaTech
2025-04-24,TXN200851,-120,202001234567,UPI Transfer - to Landlord
2025-05-25,TXN200852,-4323,202001234567,ATM Withdrawal - SBI ATM
2025-01-09,TXN200853,-2608,202001234567,ATM Withdrawal - ICICI ATM
2025-03-15,TXN200854,-596,202001234568,Wallet Top-up - Paytm
2025-05-07,TXN200855,-22930,202001234569,Travel Booking - MakeMyTrip
2025-03-10,TXN200856,9484,202001234569,Project Income - ProjectCorp
2025-01-11,TXN200857,-1262,202001234569,Online Shopping - Ajio
2025-04-19,TXN200858,3680,202001234569,Refund - Amazon refund
2025-03-05,TXN200859,44839,202001234567,Project Income - ProjectCorp
2025-03-09,TXN200860,98947,202001234567,Salary Credit - HRMS Salary
2025-01-31,TXN200861,-1404,202001234567,ATM Withdrawal - HDFC ATM
2025-05-31,TXN200862,-2915,202001234568,Loan EMI - Bajaj Finance
2025-02-12,TXN200863,7115,202001234567,Refund - Chargeback
2025-02-22,TXN200864,67082,202001234569,Salary Credit - Company Payroll
2025-05-17,TXN200865,-5127,202001234569,Online Shopping - Myntra
2025-02-13,TXN200866,-3587,202001234569,Online Shopping - Myntra
2025-03-16,TXN200867,4894,202001234568,Refund - Chargeback
2025-06-23,TXN200868,107425,202001234567,Salary Credit - Company Payroll
2025-01-16,TXN200869,93948,202001234569,Salary Credit - HRMS Salary
2025-06-29,TXN200870,-3481,202001234567,Food / Dining - Zomato
2025-03-24,TXN200871,-3802,202001234569,ATM Withdrawal - HDFC ATM
2025-05-06,TXN200872,6534,202001234569,Refund - Amazon refund
2025-03-10,TXN200873,-2820,202001234568,Online Shopping - Ajio
2025-01-20,TXN200874,99243,202001234567,Salary Credit - Payroll System
2025-05-12,TXN200875,-4700,202001234569,Online Shopping - Myntra
2025-04-27,TXN200876,-8954,202001234568,Loan EMI - ICICI Loan
2025-01-01,TXN200877,-233,202001234567,Wallet Top-up - GPay
2025-04-28,TXN200878,-1007,202001234569,Food / Dining - Restaurant
2025-04-02,TXN200879,47697,202001234569,Project Income - Client A
2025-02-25,TXN200880,6616,202001234567,Refund - Payment reversal
2025-03-10,TXN200881,-3948,202001234568,Online Shopping - Myntra
2025-05-21,TXN200882,-3234,202001234567,Utility Bill - Gas Agency
2025-05-05,TXN200883,-363,202001234569,Wallet Top-up - PhonePe
2025-01-12,TXN200884,46345,202001234569,Salary Credit - Company Payroll
2025-01-05,TXN200885,100238,202001234567,Salary Credit - Company Payroll
2025-04-27,TXN200886,-4385,202001234568,Online Shopping - Amazon
2025-06-26,TXN200887,66518,202001234569,Salary Credit - Company Payroll
2025-02-10,TXN200888,-2528,202001234567,ATM Withdrawal - ICICI ATM
2025-04-03,TXN200889,-1638,202001234567,UPI Transfer - to Vendor
2025-06-20,TXN200890,26369,202001234567,Project Income - Client B
2025-06-10,TXN200891,-1754,202001234569,Wallet Top-up - PhonePe
2025-03-01,TXN200892,-1136,202001234569,Food / Dining - Swiggy
2025-06-30,TXN200893,-5253,202001234567,Utility Bill - Electricity Board
2025-05-03,TXN200894,-6252,202001234567,Online Shopping - Amazon
2025-02-27,TXN200895,40907,202001234567,Project Income - InnovaTech
2025-06-28,TXN200896,-6934,202001234567,UPI Transfer - to Vendor
2025-04-19,TXN200897,-953,202001234568,Online Shopping - Flipkart
2025-02-28,TXN200898,-6420,202001234567,UPI Transfer - to Landlord
2025-01-27,TXN200899,49891,202001234568,Project Income - Client A
2025-03-18,TXN200900,-3989,202001234568,UPI Transfer - to Neha
2025-06-14,TXN200901,10725,202001234567,Project Income - Client B
2025-05-25,TXN200902,-1655,202001234569,Utility Bill - Electricity Board
2025-02-12,TXN200903,-17401,202001234568,Travel Booking - Ola
2025-06-10,TXN200904,-2128,202001234567,Fuel Purchase - BPCL
2025-06-07,TXN200905,-1628,202001234567,ATM Withdrawal - Axis ATM
2025-01-26,TXN200906,-4290,202001234567,Wallet Top-up - Paytm
2025-04-09,TXN200907,-199,202001234568,Bank Fee - Service charge
2025-02-05,TXN200908,-2424,202001234568,Wallet Top-up - Paytm
2025-01-22,TXN200909,-1360,202001234569,Food / Dining - Zomato
2025-06-03,TXN200910,41387,202001234569,Project Income - ProjectCorp
2025-06-18,TXN200911,43515,202001234567,Salary Credit - HRMS Salary
2025-06-05,TXN200912,-3759,202001234569,Online Shopping - Flipkart
2025-03-17,TXN200913,-3791,202001234567,UPI Transfer - to Rahul
2025-04-09,TXN200914,-2946,202001234567,UPI Transfer - to Rahul
2025-06-13,TXN200915,-3908,202001234569,Online Shopping - Amazon
2025-04-03,TXN200916,-4902,202001234567,ATM Withdrawal - ICICI ATM
2025-05-26,TXN200917,-2416,202001234568,Food / Dining - Swiggy
2025-06-24,TXN200918,-24194,202001234568,Travel Booking - IRCTC
2025-01-19,TXN200919,1627,202001234569,Interest Credit - Quarterly interest
2025-01-04,TXN200920,-4447,202001234567,ATM Withdrawal - ICICI ATM
2025-01-16,TXN200921,-7674,202001234569,Online Shopping - Ajio
2025-06-10,TXN200922,77550,202001234569,Salary Credit - Payroll System
2025-04-17,TXN200923,-2432,202001234569,Medical / Pharmacy - MedPlus
2025-01-22,TXN200924,92727,202001234569,Salary Credit - Payroll System
2025-06-07,TXN200925,-2596,202001234568,UPI Transfer - to Neha
2025-03-21,TXN200926,-7316,202001234569,Online Shopping - Amazon
2025-02-09,TXN200927,-5336,202001234568,UPI Transfer - to Vendor
2025-06-12,TXN200928,9708,202001234569,Refund - Chargeback
2025-01-17,TXN200929,-1366,202001234569,Food / Dining - Swiggy
2025-03-03,TXN200930,-4417,202001234567,Online Shopping - Amazon
2025-04-22,TXN200931,51300,202001234568,Salary Credit - Company Payroll
2025-03-21,TXN200932,-4550,202001234567,ATM Withdrawal - HDFC ATM
2025-02-05,TXN200933,-14793,202001234567,Medical / Pharmacy - Practo
2025-05-08,TXN200934,-3658,202001234569,Wallet Top-up - PhonePe
2025-03-08,TXN200935,-2763,202001234568,UPI Transfer - to Neha
2025-03-10,TXN200936,-5961,202001234567,UPI Transfer - to Rahul
2025-04-20,TXN200937,5588,202001234569,Refund - Payment reversal
2025-03-09,TXN200938,-4477,202001234568,ATM Withdrawal - SBI ATM
2025-05-11,TXN200939,-7543,202001234567,Medical / Pharmacy - MedPlus
2025-05-26,TXN200940,34742,202001234568,Project Income - Client B
2025-03-07,TXN200941,12309,202001234569,Project Income - Client A
2025-01-30,TXN200942,1430,202001234569,Interest Credit - Quarterly interest
2025-01-01,TXN200943,74637,202001234567,Salary Credit - Company Payroll
2025-05-01,TXN200944,-4624,202001234568,ATM Withdrawal - ICICI ATM
2025-02-15,TXN200945,-2386,202001234569,Fuel Purchase - HP Petrol
2025-02-27,TXN200946,94967,202001234567,Salary Credit - HRMS Salary
2025-03-23,TXN200947,-3591,202001234567,UPI Transfer - to Vendor
2025-04-06,TXN200948,-3318,202001234569,Online Shopping - Amazon
2025-01-14,TXN200949,46127,202001234567,Project Income - Client B
2025-05-13,TXN200950,-1411,202001234568,Online Shopping - Amazon
2025-04-30,TXN200951,-5436,202001234568,Utility Bill - Water Dept
2025-01-23,TXN200952,-9638,202001234568,Loan EMI - Bajaj Finance
2025-04-05,TXN200953,-5935,202001234568,Utility Bill - Electricity Board
2025-03-19,TXN200954,-2382,202001234568,UPI Transfer - to Neha
2025-06-01,TXN200955,-312,202001234567,Bank Fee - Service charge
2025-03-04,TXN200956,9054,202001234567,Refund - Amazon refund
2025-01-07,TXN200957,-8282,202001234569,Medical / Pharmacy - Apollo
2025-06-12,TXN200958,-1582,202001234567,Fuel Purchase - BPCL
2025-01-01,TXN200959,-5256,202001234569,Online Shopping - Ajio
2025-01-27,TXN200960,80306,202001234569,Salary Credit - Company Payroll
2025-04-18,TXN200961,-6049,202001234567,Online Shopping - Ajio
2025-03-13,TXN200962,-5834,202001234567,UPI Transfer - to Rahul
2025-05-14,TXN200963,70339,202001234569,Salary Credit - HRMS Salary
2025-04-28,TXN200964,-310,202001234567,Bank Fee - SMS charge
2025-01-25,TXN200965,-2243,202001234569,UPI Transfer - to Neha
2025-01-20,TXN200966,-2770,202001234569,Utility Bill - Gas Agency
2025-04-22,TXN200967,-2745,202001234567,Fuel Purchase - BPCL
2025-03-16,TXN200968,71034,202001234568,Salary Credit - HRMS Salary
2025-06-29,TXN200969,91505,202001234568,Salary Credit - Payroll System
2025-04-26,TXN200970,-9789,202001234567,Loan EMI - ICICI Loan
2025-02-21,TXN200971,-462,202001234569,Bank Fee - Monthly fee
2025-02-09,TXN200972,-13215,202001234567,Loan EMI - HDFC Loan
2025-04-30,TXN200973,31462,202001234568,Project Income - ProjectCorp
2025-05-18,TXN200974,-7011,202001234567,Online Shopping - Myntra
2025-03-20,TXN200975,-2149,202001234568,Food / Dining - Swiggy
2025-01-31,TXN200976,-509,202001234567,Food / Dining - Zomato
2025-03-19,TXN200977,-3760,202001234569,Loan EMI - Bajaj Finance
2025-01-11,TXN200978,-3058,202001234568,Online Shopping - Flipkart
2025-01-24,TXN200979,-5785,202001234568,UPI Transfer - to Neha
2025-05-12,TXN200980,-2754,202001234569,Utility Bill - Electricity Board
2025-03-08,TXN200981,79169,202001234567,Salary Credit - Company Payroll
2025-04-26,TXN200982,-8375,202001234569,Medical / Pharmacy - Practo
2025-01-25,TXN200983,-2954,202001234567,ATM Withdrawal - Axis ATM
2025-02-05,TXN200984,-7316,202001234567,Travel Booking - MakeMyTrip
2025-02-26,TXN200985,6041,202001234567,Project Income - Client B
2025-04-06,TXN200986,-1719,202001234569,ATM Withdrawal - SBI ATM
2025-03-08,TXN200987,-2199,202001234567,UPI Transfer - to Rahul
2025-02-20,TXN200988,-4472,202001234568,Wallet Top-up - GPay
2025-01-24,TXN200989,-2473,202001234567,Fuel Purchase - Indian Oil
2025-04-29,TXN200990,-3826,202001234567,Food / Dining - Zomato
2025-04-21,TXN200991,9502,202001234568,Refund - Chargeback
2025-01-08,TXN200992,-6872,202001234569,Loan EMI - ICICI Loan
2025-02-14,TXN200993,-1505,202001234567,Wallet Top-up - PhonePe
2025-02-17,TXN200994,-560,202001234568,Online Shopping - Myntra
2025-02-08,TXN200995,-272,202001234569,Bank Fee - Monthly fee
2025-06-07,TXN200996,-2928,202001234569,Online Shopping - Flipkart
2025-05-08,TXN200997,-40660,202001234569,Travel Booking - Ola
2025-01-16,TXN200998,-28607,202001234568,Travel Booking - MakeMyTrip
2025-02-05,TXN200999,90202,202001234567,Salary Credit - HRMS Salary
2025-05-15,TXN201000,-4471,202001234569,Loan EMI - HDFC Loan
2025-05-20,TXN201001,-1858,202001234568,Medical / Pharmacy - Apollo
2025-05-03,TXN201002,-2059,202001234568,ATM Withdrawal - Axis ATM
2025-05-09,TXN201003,-2367,202001234568,UPI Transfer - to Vendor
2025-02-16,TXN201004,-10570,202001234568,Medical / Pharmacy - Apollo
2025-02-26,TXN201005,118265,202001234568,Salary Credit - Company Payroll
2025-05-01,TXN201006,-14041,202001234568,Loan EMI - Bajaj Finance
2025-03-01,TXN201007,-1216,202001234567,Utility Bill - Electricity Board
2025-06-18,TXN201008,-10940,202001234568,Medical / Pharmacy - Apollo
2025-01-15,TXN201009,-25025,202001234569,Travel Booking - IRCTC
2025-04-10,TXN201010,-4524,202001234567,Travel Booking - Uber
2025-03-02,TXN201011,-410,202001234568,Bank Fee - SMS charge
2025-06-01,TXN201012,-2061,202001234569,Wallet Top-up - Paytm
2025-05-26,TXN201013,-2120,202001234567,Wallet Top-up - GPay
2025-02-18,TXN201014,-1388,202001234569,Utility Bill - Water Dept
2025-02-14,TXN201015,-2735,202001234567,Food / Dining - Swiggy
2025-01-15,TXN201016,51830,202001234569,Salary Credit - Company Payroll
2025-01-06,TXN201017,-5208,202001234567,UPI Transfer - to Landlord
2025-06-07,TXN201018,-5283,202001234567,Online Shopping - Flipkart
2025-02-15,TXN201019,-2209,202001234567,ATM Withdrawal - ICICI ATM
2025-02-07,TXN201020,42872,202001234569,Salary Credit - Payroll System
2025-01-29,TXN201021,-12680,202001234568,Loan EMI - Bajaj Finance
2025-04-06,TXN201022,-5406,202001234569,Utility Bill - Gas Agency
2025-05-31,TXN201023,-8519,202001234568,Loan EMI - HDFC Loan
2025-03-24,TXN201024,79552,202001234567,Salary Credit - Company Payroll
2025-06-13,TXN201025,-2422,202001234569,Utility Bill - Water Dept
2025-02-14,TXN201026,699,202001234567,Interest Credit - Savings interest
2025-05-31,TXN201027,-1274,202001234568,Food / Dining - Zomato
2025-06-26,TXN201028,-3487,202001234567,Utility Bill - Water Dept
2025-01-01,TXN201029,-5545,202001234569,UPI Transfer - to Landlord
2025-02-16,TXN201030,-4735,202001234568,Wallet Top-up - GPay
2025-06-06,TXN201031,-375,202001234569,UPI Transfer - to Neha
2025-01-27,TXN201032,-3368,202001234567,Online Shopping - Ajio
2025-01-20,TXN201033,83406,202001234568,Salary Credit - Company Payroll
2025-02-12,TXN201034,-2383,202001234567,Wallet Top-up - GPay
2025-04-25,TXN201035,84007,202001234568,Salary Credit - Company Payroll
2025-03-05,TXN201036,-3283,202001234567,Wallet Top-up - GPay
2025-03-07,TXN201037,767,202001234569,Interest Credit - Quarterly interest
2025-01-13,TXN201038,-14980,202001234568,Medical / Pharmacy - MedPlus
2025-04-18,TXN201039,-1000,202001234568,Food / Dining - Zomato
2025-04-07,TXN201040,-27686,202001234569,Travel Booking - Uber
2025-01-26,TXN201041,-2926,202001234569,Utility Bill - Water Dept
2025-06-25,TXN201042,-334,202001234567,Fuel Purchase - HP Petrol
2025-01-19,TXN201043,31575,202001234568,Project Income - Client A
2025-03-23,TXN201044,-490,202001234567,Bank Fee - Service charge
2025-03-29,TXN201045,-6393,202001234568,UPI Transfer - to Neha
2025-01-20,TXN201046,-3682,202001234567,Wallet Top-up - GPay
2025-06-02,TXN201047,-37853,202001234569,Travel Booking - Ola
2025-04-21,TXN201048,-2874,202001234567,Fuel Purchase - BPCL
2025-04-22,TXN201049,41801,202001234567,Project Income - Client B
2025-03-26,TXN201050,8636,202001234567,Project Income - Client B
2025-06-28,TXN201051,-1324,202001234569,Fuel Purchase - BPCL
2025-05-19,TXN201052,-2021,202001234569,Online Shopping - Myntra
2025-03-18,TXN201053,76899,202001234567,Salary Credit - Company Payroll
2025-04-11,TXN201054,-5594,202001234569,Utility Bill - Gas Agency
2025-05-06,TXN201055,-1120,202001234567,Online Shopping - Flipkart
2025-01-01,TXN201056,-3045,202001234567,Utility Bill - Water Dept
2025-06-19,TXN201057,-5588,202001234567,Online Shopping - Ajio
2025-01-07,TXN201058,52712,202001234567,Salary Credit - Company Payroll
2025-01-21,TXN201059,78248,202001234567,Salary Credit - HRMS Salary
2025-04-12,TXN201060,-39792,202001234568,Travel Booking - Ola
2025-03-09,TXN201061,45321,202001234569,Project Income - Client A
2025-04-10,TXN201062,37659,202001234568,Project Income - Client B
2025-04-05,TXN201063,6349,202001234568,Refund - Amazon refund
2025-03-09,TXN201064,-7635,202001234568,Online Shopping - Ajio
2025-02-27,TXN201065,-42738,202001234569,Travel Booking - Uber
2025-02-08,TXN201066,-3748,202001234569,Food / Dining - Restaurant
2025-01-22,TXN201067,52675,202001234568,Salary Credit - Payroll System
2025-04-16,TXN201068,37484,202001234569,Project Income - Client B
2025-04-10,TXN201069,-4501,202001234568,Wallet Top-up - GPay
2025-06-25,TXN201070,-24905,202001234569,Travel Booking - Ola
2025-05-02,TXN201071,-380,202001234567,Bank Fee - Service charge
2025-01-09,TXN201072,-3766,202001234567,UPI Transfer - to Neha
2025-02-14,TXN201073,-1322,202001234567,ATM Withdrawal - HDFC ATM
2025-02-19,TXN201074,-7017,202001234567,Travel Booking - IRCTC
2025-01-21,TXN201075,-4532,202001234567,Online Shopping - Ajio
2025-06-10,TXN201076,-6093,202001234569,Travel Booking - IRCTC
2025-03-23,TXN201077,4325,202001234567,Refund - Chargeback
2025-04-10,TXN201078,-6288,202001234569,UPI Transfer - to Landlord
2025-03-12,TXN201079,717,202001234567,Interest Credit - Savings interest
2025-06-29,TXN201080,-1557,202001234567,Online Shopping - Ajio
2025-02-08,TXN201081,-1605,202001234569,ATM Withdrawal - HDFC ATM
2025-05-30,TXN201082,-3184,202001234567,Online Shopping - Amazon
2025-03-15,TXN201083,-4173,202001234568,ATM Withdrawal - ICICI ATM
2025-04-09,TXN201084,-1919,202001234568,Fuel Purchase - BPCL
2025-06-05,TXN201085,-1314,202001234567,Utility Bill - Water Dept
2025-03-12,TXN201086,62570,202001234567,Salary Credit - HRMS Salary
2025-06-05,TXN201087,-19483,202001234567,Travel Booking - Ola
2025-03-26,TXN201088,-1758,202001234567,Wallet Top-up - GPay
2025-05-02,TXN201089,-14193,202001234568,Medical / Pharmacy - MedPlus
2025-03-28,TXN201090,-58675,202001234568,Travel Booking - Uber
2025-05-06,TXN201091,-2704,202001234567,ATM Withdrawal - SBI ATM
2025-03-18,TXN201092,10807,202001234568,Project Income - InnovaTech
2025-04-17,TXN201093,-1897,202001234569,Fuel Purchase - BPCL
2025-02-18,TXN201094,-13538,202001234567,Loan EMI - ICICI Loan
2025-05-05,TXN201095,-1665,202001234567,ATM Withdrawal - ICICI ATM
2025-02-10,TXN201096,-1890,202001234568,Food / Dining - Zomato
2025-05-10,TXN201097,-2188,202001234567,Online Shopping - Ajio
2025-05-15,TXN201098,-1607,202001234567,Online Shopping - Amazon
2025-02-21,TXN201099,444,202001234567,Interest Credit - Quarterly interest
2025-04-27,TXN201100,-6730,202001234568,UPI Transfer - to Rahul
2025-02-20,TXN201101,-1228,202001234568,UPI Transfer - to Vendor
2025-05-10,TXN201102,100846,202001234569,Salary Credit - HRMS Salary
2025-06-24,TXN201103,-3986,202001234567,Wallet Top-up - Paytm
2025-05-06,TXN201104,-4949,202001234567,Online Shopping - Ajio
2025-05-31,TXN201105,-1113,202001234568,ATM Withdrawal - ICICI ATM
2025-03-08,TXN201106,-3661,202001234569,Wallet Top-up - GPay
2025-03-14,TXN201107,-54077,202001234568,Travel Booking - MakeMyTrip
2025-02-11,TXN201108,-4594,202001234567,Wallet Top-up - GPay
2025-02-26,TXN201109,-490,202001234567,Food / Dining - Restaurant
2025-03-10,TXN201110,3487,202001234568,Refund - Chargeback
2025-01-06,TXN201111,-2796,202001234568,UPI Transfer - to Rahul
2025-06-15,TXN201112,57342,202001234569,Salary Credit - Company Payroll
2025-02-27,TXN201113,2554,202001234569,Project Income - ProjectCorp
2025-06-14,TXN201114,22018,202001234568,Project Income - ProjectCorp
2025-04-07,TXN201115,-665,202001234568,Online Shopping - Myntra
2025-02-25,TXN201116,-10872,202001234568,Loan EMI - ICICI Loan
2025-05-14,TXN201117,-154,202001234568,Bank Fee - SMS charge
2025-01-27,TXN201118,116609,202001234569,Salary Credit - Company Payroll
2025-04-06,TXN201119,-2574,202001234568,Online Shopping - Myntra
2025-01-28,TXN201120,-3787,202001234567,Loan EMI - ICICI Loan
2025-03-12,TXN201121,84077,202001234568,Salary Credit - Payroll System
2025-03-08,TXN201122,-2732,202001234569,Wallet Top-up - GPay
2025-03-18,TXN201123,-167,202001234567,Bank Fee - Monthly fee
2025-03-03,TXN201124,-236,202001234569,Bank Fee - Monthly fee
2025-06-19,TXN201125,-3690,202001234569,UPI Transfer - to Vendor
2025-01-07,TXN201126,-3427,202001234568,Food / Dining - Restaurant
2025-03-08,TXN201127,-3579,202001234568,Utility Bill - Water Dept
2025-01-10,TXN201128,6461,202001234569,Refund - Chargeback
2025-02-18,TXN201129,-2314,202001234569,UPI Transfer - to Vendor
2025-02-26,TXN201130,-2157,202001234569,Online Shopping - Ajio
2025-05-10,TXN201131,-2064,202001234567,Wallet Top-up - PhonePe
2025-06-18,TXN201132,-557,202001234567,Food / Dining - Restaurant
2025-01-25,TXN201133,4913,202001234567,Refund - Payment reversal
2025-05-24,TXN201134,-2882,202001234569,Wallet Top-up - Paytm
2025-06-17,TXN201135,-2251,202001234567,Wallet Top-up - Paytm
2025-02-27,TXN201136,-9180,202001234568,Loan EMI - Bajaj Finance
2025-03-26,TXN201137,-2278,202001234568,Food / Dining - Swiggy
2025-03-17,TXN201138,-5407,202001234567,Loan EMI - ICICI Loan
2025-01-14,TXN201139,-7291,202001234569,Loan EMI - Bajaj Finance
2025-06-08,TXN201140,-2247,202001234568,UPI Transfer - to Rahul
2025-05-09,TXN201141,-2204,202001234569,Fuel Purchase - HP Petrol
2025-05-16,TXN201142,-1874,202001234568,ATM Withdrawal - ICICI ATM
2025-02-08,TXN201143,-4558,202001234567,Wallet Top-up - Paytm
2025-04-15,TXN201144,-2193,202001234568,Wallet Top-up - GPay
2025-03-22,TXN201145,58772,202001234567,Salary Credit - Payroll System
2025-01-21,TXN201146,-810,202001234568,Food / Dining - Swiggy
2025-03-22,TXN201147,-3552,202001234567,ATM Withdrawal - SBI ATM
2025-03-12,TXN201148,-2297,202001234567,Utility Bill - Electricity Board
2025-02-10,TXN201149,-640,202001234567,Fuel Purchase - Indian Oil
2025-06-07,TXN201150,-3940,202001234569,ATM Withdrawal - Axis ATM
2025-04-14,TXN201151,-2242,202001234568,Food / Dining - Swiggy
2025-01-02,TXN201152,-2430,202001234569,Food / Dining - Zomato
2025-04-06,TXN201153,458,202001234568,Interest Credit - Quarterly interest
2025-02-18,TXN201154,109603,202001234569,Salary Credit - Company Payroll
2025-06-10,TXN201155,-7967,202001234567,Online Shopping - Flipkart
2025-03-30,TXN201156,-1319,202001234567,UPI Transfer - to Vendor
2025-04-09,TXN201157,-53269,202001234567,Travel Booking - Uber
2025-01-12,TXN201158,-6466,202001234568,UPI Transfer - to Vendor
2025-05-14,TXN201159,-4266,202001234568,Online Shopping - Myntra
2025-02-04,TXN201160,-1374,202001234568,UPI Transfer - to Vendor
2025-02-18,TXN201161,785,202001234568,Interest Credit - Quarterly interest
2025-02-28,TXN201162,-2922,202001234569,Fuel Purchase - HP Petrol
2025-02-24,TXN201163,57197,202001234567,Salary Credit - Payroll System
2025-05-10,TXN201164,-585,202001234567,Fuel Purchase - HP Petrol
2025-06-16,TXN201165,-3997,202001234568,UPI Transfer - to Rahul
2025-06-13,TXN201166,-2555,202001234569,Travel Booking - Uber
2025-01-13,TXN201167,-896,202001234567,Utility Bill - Gas Agency
2025-01-28,TXN201168,-1578,202001234567,UPI Transfer - to Rahul
2025-01-30,TXN201169,-3700,202001234568,Medical / Pharmacy - MedPlus
2025-02-05,TXN201170,66404,202001234568,Salary Credit - HRMS Salary
2025-02-22,TXN201171,60070,202001234569,Salary Credit - Payroll System
2025-01-03,TXN201172,-837,202001234568,Utility Bill - Water Dept
2025-01-26,TXN201173,-4160,202001234569,Loan EMI - Bajaj Finance
2025-06-09,TXN201174,75386,202001234569,Salary Credit - Payroll System
2025-04-18,TXN201175,-5877,202001234569,UPI Transfer - to Rahul
2025-01-31,TXN201176,-940,202001234567,Utility Bill - Water Dept
2025-01-28,TXN201177,-572,202001234567,UPI Transfer - to Landlord
2025-02-21,TXN201178,119823,202001234569,Salary Credit - HRMS Salary
2025-04-02,TXN201179,-3348,202001234568,Wallet Top-up - GPay
2025-02-11,TXN201180,-40644,202001234569,Travel Booking - MakeMyTrip
2025-02-23,TXN201181,-27471,202001234568,Travel Booking - Ola
2025-01-01,TXN201182,-2040,202001234569,Fuel Purchase - HP Petrol
2025-01-29,TXN201183,-4271,202001234567,ATM Withdrawal - Axis ATM
2025-05-11,TXN201184,-2632,202001234569,Fuel Purchase - HP Petrol
2025-03-07,TXN201185,53276,202001234567,Salary Credit - Payroll System
2025-03-17,TXN201186,99867,202001234568,Salary Credit - HRMS Salary
2025-01-26,TXN201187,-5590,202001234567,Utility Bill - Electricity Board
2025-03-16,TXN201188,-64,202001234569,Bank Fee - Service charge
2025-04-20,TXN201189,-1720,202001234567,Fuel Purchase - BPCL
2025-01-12,TXN201190,-13444,202001234567,Loan EMI - HDFC Loan
2025-06-15,TXN201191,45473,202001234568,Project Income - Client B
2025-04-23,TXN201192,-5072,202001234569,Online Shopping - Myntra
2025-04-06,TXN201193,-53909,202001234567,Travel Booking - Uber
2025-04-13,TXN201194,9460,202001234568,Project Income - InnovaTech
2025-04-09,TXN201195,-361,202001234568,Bank Fee - SMS charge
2025-06-16,TXN201196,-1546,202001234567,ATM Withdrawal - HDFC ATM
2025-06-28,TXN201197,-3458,202001234567,Food / Dining - Restaurant
2025-01-27,TXN201198,-12389,202001234569,Loan EMI - ICICI Loan
2025-05-26,TXN201199,-4046,202001234567,Online Shopping - Ajio
2025-04-05,TXN201200,68268,202001234569,Salary Credit - Company Payroll
2025-02-03,TXN201201,-3085,202001234568,Loan EMI - ICICI Loan
2025-04-16,TXN201202,1950,202001234567,Refund - Payment reversal
2025-03-08,TXN201203,-7482,202001234567,Online Shopping - Myntra
2025-06-23,TXN201204,-13826,202001234569,Travel Booking - IRCTC
2025-05-13,TXN201205,-2229,202001234568,ATM Withdrawal - SBI ATM
2025-03-05,TXN201206,45366,202001234568,Project Income - InnovaTech
2025-06-23,TXN201207,-16504,202001234567,Travel Booking - Ola
2025-06-06,TXN201208,38591,202001234567,Project Income - Client A
2025-02-10,TXN201209,-1730,202001234568,UPI Transfer - to Landlord
2025-01-20,TXN201210,12839,202001234568,Project Income - InnovaTech
2025-03-26,TXN201211,-6027,202001234567,Online Shopping - Myntra
2025-02-27,TXN201212,-26778,202001234568,Travel Booking - Ola
2025-01-21,TXN201213,17400,202001234568,Project Income - InnovaTech
2025-04-25,TXN201214,-306,202001234568,Wallet Top-up - Paytm
2025-03-22,TXN201215,-4338,202001234568,Online Shopping - Amazon
2025-06-17,TXN201216,-1896,202001234567,Online Shopping - Amazon
2025-04-16,TXN201217,92879,202001234569,Salary Credit - Company Payroll
2025-01-01,TXN201218,9096,202001234569,Refund - Amazon refund
2025-06-13,TXN201219,-929,202001234569,Utility Bill - Water Dept
2025-02-22,TXN201220,-394,202001234569,Wallet Top-up - GPay
2025-03-29,TXN201221,-267,202001234567,Bank Fee - Service charge
2025-02-27,TXN201222,-6485,202001234568,Travel Booking - Ola
2025-06-18,TXN201223,-1125,202001234569,ATM Withdrawal - ICICI ATM
2025-01-30,TXN201224,-1293,202001234569,Wallet Top-up - Paytm
2025-01-01,TXN201225,-2092,202001234568,Fuel Purchase - Indian Oil
2025-03-16,TXN201226,-405,202001234569,Fuel Purchase - BPCL
2025-06-29,TXN201227,-1938,202001234567,Wallet Top-up - Paytm
2025-05-07,TXN201228,-2328,202001234569,Fuel Purchase - HP Petrol
2025-04-15,TXN201229,-918,202001234568,UPI Transfer - to Rahul
2025-02-18,TXN201230,-3396,202001234568,ATM Withdrawal - SBI ATM
2025-04-28,TXN201231,68257,202001234569,Salary Credit - Company Payroll
2025-01-28,TXN201232,-9464,202001234567,Medical / Pharmacy - MedPlus
2025-06-22,TXN201233,-1813,202001234568,UPI Transfer - to Rahul
2025-06-18,TXN201234,-2127,202001234569,Food / Dining - Restaurant
2025-05-08,TXN201235,-432,202001234569,Bank Fee - Monthly fee
2025-05-22,TXN201236,46366,202001234569,Salary Credit - HRMS Salary
2025-05-11,TXN201237,-1044,202001234569,ATM Withdrawal - HDFC ATM
2025-02-14,TXN201238,-5521,202001234567,Loan EMI - Bajaj Finance
2025-04-10,TXN201239,8786,202001234569,Project Income - ProjectCorp
2025-04-09,TXN201240,-780,202001234569,Online Shopping - Ajio
2025-03-05,TXN201241,-146,202001234568,Bank Fee - Service charge
2025-03-17,TXN201242,84939,202001234567,Salary Credit - HRMS Salary
2025-04-16,TXN201243,-5869,202001234569,UPI Transfer - to Vendor
2025-03-22,TXN201244,-3513,202001234567,Online Shopping - Flipkart
2025-06-09,TXN201245,-3142,202001234568,Food / Dining - Restaurant
2025-03-30,TXN201246,-376,202001234567,Utility Bill - Gas Agency
2025-06-16,TXN201247,-137,202001234569,Bank Fee - Monthly fee
2025-06-27,TXN201248,111105,202001234568,Salary Credit - Payroll System
2025-04-05,TXN201249,61381,202001234569,Salary Credit - HRMS Salary
2025-06-20,TXN201250,-2326,202001234569,UPI Transfer - to Landlord
2025-03-15,TXN201251,-1627,202001234567,Utility Bill - Water Dept
2025-01-28,TXN201252,-6436,202001234568,Loan EMI - HDFC Loan
2025-01-14,TXN201253,-3810,202001234567,Wallet Top-up - GPay
2025-03-10,TXN201254,-2182,202001234568,Fuel Purchase - HP Petrol
2025-02-07,TXN201255,72841,202001234569,Salary Credit - Company Payroll
2025-03-17,TXN201256,-99,202001234569,Bank Fee - Monthly fee
2025-04-04,TXN201257,45608,202001234569,Salary Credit - Company Payroll
2025-06-22,TXN201258,-890,202001234569,Online Shopping - Flipkart
2025-05-24,TXN201259,-17591,202001234567,Travel Booking - Ola
2025-06-28,TXN201260,-815,202001234569,ATM Withdrawal - ICICI ATM
2025-01-13,TXN201261,-160,202001234568,Bank Fee - Service charge
2025-06-25,TXN201262,-3588,202001234569,UPI Transfer - to Vendor
2025-01-04,TXN201263,-14119,202001234568,Loan EMI - Bajaj Finance
2025-06-08,TXN201264,-5337,202001234567,UPI Transfer - to Landlord
2025-05-31,TXN201265,88200,202001234569,Salary Credit - Payroll System
2025-02-20,TXN201266,-1058,202001234567,Utility Bill - Gas Agency
2025-04-25,TXN201267,652,202001234569,Interest Credit - Quarterly interest
2025-02-17,TXN201268,49760,202001234569,Salary Credit - Company Payroll
2025-01-31,TXN201269,-1791,202001234567,Utility Bill - Water Dept
2025-03-13,TXN201270,96165,202001234568,Salary Credit - Payroll System
2025-02-11,TXN201271,57048,202001234568,Salary Credit - Payroll System
2025-03-26,TXN201272,2369,202001234569,Project Income - InnovaTech
2025-01-11,TXN201273,-3732,202001234568,ATM Withdrawal - HDFC ATM
2025-01-14,TXN201274,-2111,202001234568,UPI Transfer - to Vendor
2025-05-27,TXN201275,-2059,202001234568,Loan EMI - Bajaj Finance
2025-03-23,TXN201276,-3702,202001234567,Food / Dining - Restaurant
2025-05-14,TXN201277,-6494,202001234569,Online Shopping - Amazon
2025-04-17,TXN201278,-3695,202001234567,ATM Withdrawal - Axis ATM
2025-02-26,TXN201279,85796,202001234569,Salary Credit - Company Payroll
2025-03-26,TXN201280,-4282,202001234568,UPI Transfer - to Vendor
2025-06-08,TXN201281,-11421,202001234568,Loan EMI - Bajaj Finance
2025-06-16,TXN201282,113575,202001234567,Salary Credit - Company Payroll
2025-03-30,TXN201283,-4041,202001234567,Medical / Pharmacy - MedPlus
2025-01-11,TXN201284,71958,202001234568,Salary Credit - Payroll System
2025-01-30,TXN201285,-3876,202001234568,UPI Transfer - to Landlord
2025-03-14,TXN201286,-6149,202001234569,Loan EMI - HDFC Loan
2025-05-12,TXN201287,-1929,202001234568,Wallet Top-up - GPay
2025-01-12,TXN201288,-7025,202001234569,Loan EMI - ICICI Loan
2025-03-24,TXN201289,-3212,202001234567,Food / Dining - Restaurant
2025-02-12,TXN201290,-5214,202001234569,Utility Bill - Gas Agency
2025-06-10,TXN201291,-3970,202001234567,Food / Dining - Zomato
2025-06-25,TXN201292,67941,202001234567,Salary Credit - HRMS Salary
2025-05-18,TXN201293,-3316,202001234569,Wallet Top-up - GPay
2025-04-22,TXN201294,-650,202001234569,UPI Transfer - to Rahul
2025-02-09,TXN201295,-1190,202001234568,Food / Dining - Zomato
2025-03-26,TXN201296,-133,202001234567,Bank Fee - Monthly fee
2025-01-14,TXN201297,1300,202001234568,Refund - Amazon refund
2025-01-19,TXN201298,1192,202001234568,Interest Credit - Quarterly interest
2025-04-10,TXN201299,-1331,202001234569,Fuel Purchase - Indian Oil
2025-04-21,TXN201300,93011,202001234567,Salary Credit - HRMS Salary
2025-06-22,TXN201301,91052,202001234569,Salary Credit - Company Payroll
2025-06-14,TXN201302,-7952,202001234569,Online Shopping - Amazon
2025-06-29,TXN201303,-4628,202001234568,ATM Withdrawal - SBI ATM
2025-01-28,TXN201304,-881,202001234569,Wallet Top-up - PhonePe
2025-06-05,TXN201305,-5532,202001234568,Online Shopping - Amazon
2025-04-23,TXN201306,-9847,202001234568,Travel Booking - Ola
2025-01-08,TXN201307,-588,202001234567,Utility Bill - Water Dept
2025-02-26,TXN201308,-630,202001234569,ATM Withdrawal - HDFC ATM
2025-05-20,TXN201309,-2399,202001234569,Food / Dining - Swiggy
2025-03-18,TXN201310,2460,202001234569,Refund - Chargeback
2025-04-06,TXN201311,-169,202001234569,Bank Fee - Monthly fee
2025-02-06,TXN201312,-2453,202001234567,UPI Transfer - to Rahul
2025-05-27,TXN201313,-14918,202001234568,Loan EMI - Bajaj Finance
2025-05-21,TXN201314,-3600,202001234568,Online Shopping - Amazon
2025-03-30,TXN201315,-46234,202001234568,Travel Booking - IRCTC
2025-05-12,TXN201316,-17669,202001234567,Travel Booking - IRCTC
2025-02-26,TXN201317,3114,202001234568,Refund - Chargeback
2025-01-30,TXN201318,-6409,202001234569,Online Shopping - Flipkart
2025-01-14,TXN201319,-5706,202001234568,Loan EMI - Bajaj Finance
2025-01-19,TXN201320,112045,202001234569,Salary Credit - HRMS Salary
2025-03-06,TXN201321,48829,202001234567,Salary Credit - Company Payroll
2025-05-29,TXN201322,-2056,202001234568,Online Shopping - Ajio
2025-02-02,TXN201323,-318,202001234569,Bank Fee - SMS charge
2025-01-26,TXN201324,-3079,202001234569,Wallet Top-up - PhonePe
2025-02-19,TXN201325,-13857,202001234568,Loan EMI - ICICI Loan
2025-03-26,TXN201326,-1155,202001234569,Fuel Purchase - BPCL
2025-06-27,TXN201327,22032,202001234569,Project Income - Client B
2025-04-04,TXN201328,-1357,202001234568,Utility Bill - Water Dept
2025-01-02,TXN201329,13051,202001234567,Project Income - ProjectCorp
2025-02-26,TXN201330,-8511,202001234568,Travel Booking - Ola
2025-02-04,TXN201331,87118,202001234569,Salary Credit - Payroll System
2025-05-03,TXN201332,-2284,202001234568,Wallet Top-up - PhonePe
2025-03-20,TXN201333,-4062,202001234569,UPI Transfer - to Landlord
2025-02-14,TXN201334,9132,202001234568,Project Income - Client A
2025-05-18,TXN201335,-12707,202001234568,Loan EMI - HDFC Loan
2025-06-10,TXN201336,-125,202001234569,Bank Fee - Monthly fee
2025-01-05,TXN201337,-4383,202001234569,Wallet Top-up - GPay
2025-05-29,TXN201338,-14489,202001234568,Medical / Pharmacy - Practo
2025-02-24,TXN201339,40668,202001234569,Project Income - Client A
2025-05-20,TXN201340,-5866,202001234569,Online Shopping - Ajio
2025-02-08,TXN201341,-650,202001234568,UPI Transfer - to Vendor
2025-05-31,TXN201342,-11342,202001234568,Medical / Pharmacy - Practo
2025-04-29,TXN201343,-6904,202001234568,Online Shopping - Amazon
2025-05-09,TXN201344,-4020,202001234569,UPI Transfer - to Rahul
2025-06-07,TXN201345,-5044,202001234569,UPI Transfer - to Neha
2025-04-25,TXN201346,-2426,202001234567,Fuel Purchase - HP Petrol
2025-05-04,TXN201347,-3803,202001234567,ATM Withdrawal - ICICI ATM
2025-05-05,TXN201348,-11415,202001234567,Loan EMI - HDFC Loan
2025-04-05,TXN201349,-10669,202001234567,Medical / Pharmacy - Apollo
2025-05-13,TXN201350,-3307,202001234568,ATM Withdrawal - ICICI ATM
2025-04-27,TXN201351,-4153,202001234567,Online Shopping - Amazon
2025-03-24,TXN201352,-17499,202001234569,Travel Booking - MakeMyTrip
2025-06-12,TXN201353,-729,202001234569,ATM Withdrawal - ICICI ATM
2025-05-29,TXN201354,-2843,202001234569,Wallet Top-up - GPay
2025-04-07,TXN201355,-411,202001234568,Bank Fee - SMS charge
2025-05-31,TXN201356,-5008,202001234569,Online Shopping - Amazon
2025-04-07,TXN201357,-2940,202001234569,Wallet Top-up - Paytm
2025-04-01,TXN201358,28597,202001234568,Project Income - ProjectCorp
2025-05-04,TXN201359,1673,202001234569,Interest Credit - Quarterly interest
2025-04-23,TXN201360,-4862,202001234567,Utility Bill - Electricity Board
2025-05-12,TXN201361,-6369,202001234567,UPI Transfer - to Vendor
2025-02-17,TXN201362,-3770,202001234568,ATM Withdrawal - HDFC ATM
2025-01-31,TXN201363,41454,202001234568,Project Income - Client B
2025-03-26,TXN201364,-6839,202001234568,Travel Booking - MakeMyTrip
2025-05-03,TXN201365,-2469,202001234567,Online Shopping - Ajio
2025-02-11,TXN201366,9779,202001234568,Refund - Chargeback
2025-03-04,TXN201367,-5817,202001234567,Utility Bill - Electricity Board
2025-06-01,TXN201368,-651,202001234567,Fuel Purchase - HP Petrol
2025-01-11,TXN201369,-801,202001234567,ATM Withdrawal - HDFC ATM
2025-03-08,TXN201370,-49099,202001234569,Travel Booking - IRCTC
2025-06-03,TXN201371,-293,202001234569,Bank Fee - SMS charge
2025-06-19,TXN201372,-7848,202001234567,Online Shopping - Myntra
2025-04-25,TXN201373,68389,202001234568,Salary Credit - Payroll System
2025-02-13,TXN201374,-1055,202001234568,ATM Withdrawal - HDFC ATM
2025-02-06,TXN201375,1280,202001234569,Interest Credit - Quarterly interest
2025-05-11,TXN201376,-597,202001234567,Utility Bill - Water Dept
2025-06-25,TXN201377,-1034,202001234568,Food / Dining - Swiggy
2025-06-01,TXN201378,41094,202001234567,Project Income - Client A
2025-04-09,TXN201379,-4902,202001234567,Online Shopping - Flipkart
2025-02-21,TXN201380,-6865,202001234567,UPI Transfer - to Landlord
2025-01-25,TXN201381,-5080,202001234568,Loan EMI - HDFC Loan
2025-05-17,TXN201382,-4681,202001234567,ATM Withdrawal - SBI ATM
2025-06-18,TXN201383,-1050,202001234569,ATM Withdrawal - HDFC ATM
2025-01-04,TXN201384,71776,202001234568,Salary Credit - Payroll System
2025-01-12,TXN201385,-311,202001234569,Bank Fee - SMS charge
2025-02-28,TXN201386,-1486,202001234568,Wallet Top-up - PhonePe
2025-05-31,TXN201387,-2565,202001234569,Food / Dining - Restaurant
2025-01-26,TXN201388,-2281,202001234567,UPI Transfer - to Landlord
2025-05-03,TXN201389,-2915,202001234567,Wallet Top-up - Paytm
2025-06-03,TXN201390,-5680,202001234568,Online Shopping - Ajio
2025-01-01,TXN201391,74780,202001234569,Salary Credit - Payroll System
2025-05-14,TXN201392,-7035,202001234568,Online Shopping - Amazon
2025-06-26,TXN201393,66924,202001234568,Salary Credit - HRMS Salary
2025-01-28,TXN201394,791,202001234568,Interest Credit - Quarterly interest
2025-05-30,TXN201395,-4325,202001234568,Medical / Pharmacy - MedPlus
2025-04-19,TXN201396,110268,202001234568,Salary Credit - Payroll System
2025-06-24,TXN201397,-2743,202001234567,ATM Withdrawal - Axis ATM
2025-05-22,TXN201398,-289,202001234568,Bank Fee - SMS charge
2025-04-05,TXN201399,-12072,202001234569,Medical / Pharmacy - Practo
2025-03-06,TXN201400,-2038,202001234569,Utility Bill - Water Dept
2025-06-30,TXN201401,755,202001234569,Interest Credit - Savings interest
2025-06-18,TXN201402,58096,202001234569,Salary Credit - Company Payroll
2025-04-25,TXN201403,-3118,202001234567,ATM Withdrawal - HDFC ATM
2025-05-11,TXN201404,-45946,202001234568,Travel Booking - Ola
2025-05-21,TXN201405,-7516,202001234567,Travel Booking - MakeMyTrip
2025-06-12,TXN201406,91000,202001234567,Salary Credit - Company Payroll
2025-02-07,TXN201407,-6048,202001234569,Travel Booking - Ola
2025-01-23,TXN201408,-3434,202001234568,UPI Transfer - to Rahul
2025-04-05,TXN201409,-3184,202001234569,Wallet Top-up - Paytm
2025-04-09,TXN201410,-481,202001234569,Bank Fee - Service charge
2025-05-14,TXN201411,1393,202001234569,Interest Credit - Savings interest
2025-01-15,TXN201412,-195,202001234569,Bank Fee - Monthly fee
2025-04-23,TXN201413,8199,202001234567,Refund - Amazon refund
2025-03-15,TXN201414,-756,202001234567,ATM Withdrawal - HDFC ATM
2025-05-11,TXN201415,118579,202001234569,Salary Credit - Payroll System
2025-06-07,TXN201416,-4103,202001234569,Utility Bill - Electricity Board
2025-04-03,TXN201417,-14410,202001234569,Loan EMI - HDFC Loan
2025-02-10,TXN201418,-7998,202001234568,Online Shopping - Amazon
2025-04-01,TXN201419,6644,202001234568,Refund - Chargeback
2025-05-31,TXN201420,-33429,202001234569,Travel Booking - IRCTC
2025-06-30,TXN201421,42014,202001234567,Salary Credit - Company Payroll
2025-03-14,TXN201422,9104,202001234569,Refund - Chargeback
2025-03-31,TXN201423,40203,202001234568,Project Income - ProjectCorp
2025-06-05,TXN201424,-3147,202001234568,Wallet Top-up - Paytm
2025-05-28,TXN201425,-1691,202001234568,ATM Withdrawal - SBI ATM
2025-04-15,TXN201426,-12133,202001234567,Loan EMI - Bajaj Finance
2025-01-19,TXN201427,-1712,202001234568,Food / Dining - Restaurant
2025-01-30,TXN201428,-37720,202001234569,Travel Booking - Uber
2025-05-28,TXN201429,-2002,202001234569,Loan EMI - ICICI Loan
2025-04-07,TXN201430,-274,202001234568,Bank Fee - SMS charge
2025-03-04,TXN201431,-693,202001234568,UPI Transfer - to Vendor
2025-05-31,TXN201432,-1226,202001234568,Wallet Top-up - Paytm
2025-03-08,TXN201433,-6048,202001234568,UPI Transfer - to Rahul
2025-06-23,TXN201434,68885,202001234567,Salary Credit - Payroll System
2025-03-22,TXN201435,-1891,202001234568,Medical / Pharmacy - MedPlus
2025-05-18,TXN201436,-6538,202001234569,Loan EMI - HDFC Loan
2025-03-05,TXN201437,4414,202001234567,Refund - Payment reversal
2025-06-22,TXN201438,-4732,202001234567,Online Shopping - Myntra
2025-02-15,TXN201439,9185,202001234568,Refund - Payment reversal
2025-02-25,TXN201440,25169,202001234567,Project Income - ProjectCorp
2025-05-08,TXN201441,3215,202001234567,Refund - Chargeback
2025-03-03,TXN201442,73041,202001234567,Salary Credit - Company Payroll
2025-03-05,TXN201443,-3170,202001234568,Food / Dining - Restaurant
2025-01-28,TXN201444,-5723,202001234567,UPI Transfer - to Rahul
2025-06-07,TXN201445,-983,202001234569,Fuel Purchase - HP Petrol
2025-05-04,TXN201446,-4654,202001234569,Wallet Top-up - PhonePe
2025-05-07,TXN201447,22671,202001234568,Project Income - ProjectCorp
2025-05-11,TXN201448,-4502,202001234568,Utility Bill - Water Dept
2025-05-28,TXN201449,3738,202001234567,Refund - Amazon refund
2025-04-19,TXN201450,-1847,202001234569,Food / Dining - Swiggy
2025-05-09,TXN201451,-2867,202001234568,Fuel Purchase - Indian Oil
2025-06-25,TXN201452,-476,202001234568,Food / Dining - Zomato
2025-06-28,TXN201453,9888,202001234568,Project Income - InnovaTech
2025-01-03,TXN201454,-1177,202001234569,Food / Dining - Zomato
2025-04-08,TXN201455,-3274,202001234568,ATM Withdrawal - SBI ATM
2025-06-06,TXN201456,-4038,202001234567,UPI Transfer - to Vendor
2025-03-09,TXN201457,111901,202001234568,Salary Credit - Company Payroll
2025-06-06,TXN201458,-2139,202001234568,Utility Bill - Water Dept
2025-05-08,TXN201459,-4494,202001234567,Utility Bill - Water Dept
2025-06-29,TXN201460,29465,202001234568,Project Income - ProjectCorp
2025-03-13,TXN201461,-8437,202001234567,Loan EMI - ICICI Loan
2025-02-03,TXN201462,39447,202001234567,Project Income - Client B
2025-03-11,TXN201463,49239,202001234569,Project Income - Client B
2025-04-08,TXN201464,-4460,202001234567,Online Shopping - Flipkart
2025-05-02,TXN201465,11800,202001234567,Project Income - Client A
2025-05-08,TXN201466,-4547,202001234569,Online Shopping - Flipkart
2025-05-17,TXN201467,107765,202001234568,Salary Credit - Payroll System
2025-05-05,TXN201468,-567,202001234568,UPI Transfer - to Vendor
2025-05-26,TXN201469,9310,202001234568,Refund - Amazon refund
2025-06-26,TXN201470,-6190,202001234567,UPI Transfer - to Neha
2025-03-07,TXN201471,-390,202001234569,Bank Fee - Service charge
2025-04-26,TXN201472,8311,202001234568,Project Income - ProjectCorp
2025-04-03,TXN201473,-2043,202001234569,Wallet Top-up - GPay
2025-03-07,TXN201474,1958,202001234567,Interest Credit - Savings interest
2025-02-01,TXN201475,-290,202001234569,Bank Fee - Service charge
2025-02-20,TXN201476,119374,202001234569,Salary Credit - Payroll System
2025-06-16,TXN201477,-677,202001234567,Utility Bill - Gas Agency
2025-04-01,TXN201478,20652,202001234569,Project Income - ProjectCorp
2025-05-05,TXN201479,35452,202001234567,Project Income - InnovaTech
2025-06-07,TXN201480,-3879,202001234568,UPI Transfer - to Vendor
2025-02-07,TXN201481,1343,202001234569,Interest Credit - Quarterly interest
2025-03-28,TXN201482,-384,202001234569,UPI Transfer - to Landlord
2025-05-27,TXN201483,-492,202001234567,Fuel Purchase - Indian Oil
2025-02-11,TXN201484,-3676,202001234567,Food / Dining - Swiggy
2025-03-23,TXN201485,-9864,202001234568,Loan EMI - Bajaj Finance
2025-03-10,TXN201486,-13442,202001234568,Travel Booking - Ola
2025-04-05,TXN201487,62980,202001234568,Salary Credit - Payroll System
2025-02-12,TXN201488,-4609,202001234567,Online Shopping - Flipkart
2025-03-03,TXN201489,71071,202001234569,Salary Credit - Payroll System
2025-01-21,TXN201490,-1859,202001234567,Online Shopping - Flipkart
2025-01-27,TXN201491,-8495,202001234567,Medical / Pharmacy - Apollo
2025-05-21,TXN201492,102021,202001234567,Salary Credit - Company Payroll
2025-04-12,TXN201493,-2370,202001234567,Medical / Pharmacy - Practo
2025-03-09,TXN201494,-5149,202001234567,Utility Bill - Gas Agency
2025-06-17,TXN201495,51050,202001234568,Salary Credit - HRMS Salary
2025-03-05,TXN201496,-383,202001234568,Bank Fee - SMS charge
2025-06-10,TXN201497,-4370,202001234567,Online Shopping - Flipkart
2025-02-13,TXN201498,-3685,202001234567,Online Shopping - Amazon
2025-04-02,TXN201499,-565,202001234568,Utility Bill - Water Dept
